split,clip_id,lr_path,hr_path
val,Roco_scene01_1080p,data\frames\LR_bicubic_X2\Roco_scene01_1080p__f00000000.png,data\frames\HR\Roco_scene01_1080p__f00000000.png
val,Roco_scene01_1080p,data\frames\LR_bicubic_X2\Roco_scene01_1080p__f00000030.png,data\frames\HR\Roco_scene01_1080p__f00000030.png
val,Roco_scene01_1080p,data\frames\LR_bicubic_X2\Roco_scene01_1080p__f00000060.png,data\frames\HR\Roco_scene01_1080p__f00000060.png
val,Roco_scene01_1080p,data\frames\LR_bicubic_X2\Roco_scene01_1080p__f00000090.png,data\frames\HR\Roco_scene01_1080p__f00000090.png
val,Roco_scene01_1080p,data\frames\LR_bicubic_X2\Roco_scene01_1080p__f00000120.png,data\frames\HR\Roco_scene01_1080p__f00000120.png
val,Roco_scene01_1080p,data\frames\LR_bicubic_X2\Roco_scene01_1080p__f00000150.png,data\frames\HR\Roco_scene01_1080p__f00000150.png
val,Roco_scene01_1080p,data\frames\LR_bicubic_X2\Roco_scene01_1080p__f00000180.png,data\frames\HR\Roco_scene01_1080p__f00000180.png
val,Roco_scene01_1080p,data\frames\LR_bicubic_X2\Roco_scene01_1080p__f00000210.png,data\frames\HR\Roco_scene01_1080p__f00000210.png
val,Roco_scene01_1080p,data\frames\LR_bicubic_X2\Roco_scene01_1080p__f00000240.png,data\frames\HR\Roco_scene01_1080p__f00000240.png
val,Roco_scene01_1080p,data\frames\LR_bicubic_X2\Roco_scene01_1080p__f00000270.png,data\frames\HR\Roco_scene01_1080p__f00000270.png
val,Roco_scene01_1080p,data\frames\LR_bicubic_X2\Roco_scene01_1080p__f00000300.png,data\frames\HR\Roco_scene01_1080p__f00000300.png
val,Roco_scene01_1080p,data\frames\LR_bicubic_X2\Roco_scene01_1080p__f00000330.png,data\frames\HR\Roco_scene01_1080p__f00000330.png
val,Roco_scene01_1080p,data\frames\LR_bicubic_X2\Roco_scene01_1080p__f00000360.png,data\frames\HR\Roco_scene01_1080p__f00000360.png
val,Roco_scene01_1080p,data\frames\LR_bicubic_X2\Roco_scene01_1080p__f00000390.png,data\frames\HR\Roco_scene01_1080p__f00000390.png
val,Roco_scene01_1080p,data\frames\LR_bicubic_X2\Roco_scene01_1080p__f00000420.png,data\frames\HR\Roco_scene01_1080p__f00000420.png
val,Roco_scene01_1080p,data\frames\LR_bicubic_X2\Roco_scene01_1080p__f00000450.png,data\frames\HR\Roco_scene01_1080p__f00000450.png
val,Roco_scene01_1080p,data\frames\LR_bicubic_X2\Roco_scene01_1080p__f00000480.png,data\frames\HR\Roco_scene01_1080p__f00000480.png
val,Roco_scene01_1080p,data\frames\LR_bicubic_X2\Roco_scene01_1080p__f00000510.png,data\frames\HR\Roco_scene01_1080p__f00000510.png
val,Roco_scene01_1080p,data\frames\LR_bicubic_X2\Roco_scene01_1080p__f00000540.png,data\frames\HR\Roco_scene01_1080p__f00000540.png
val,Roco_scene01_1080p,data\frames\LR_bicubic_X2\Roco_scene01_1080p__f00000570.png,data\frames\HR\Roco_scene01_1080p__f00000570.png
val,Roco_scene01_1080p,data\frames\LR_bicubic_X2\Roco_scene01_1080p__f00000600.png,data\frames\HR\Roco_scene01_1080p__f00000600.png
val,Roco_scene01_1080p,data\frames\LR_bicubic_X2\Roco_scene01_1080p__f00000630.png,data\frames\HR\Roco_scene01_1080p__f00000630.png
val,Roco_scene01_1080p,data\frames\LR_bicubic_X2\Roco_scene01_1080p__f00000660.png,data\frames\HR\Roco_scene01_1080p__f00000660.png
val,Roco_scene01_1080p,data\frames\LR_bicubic_X2\Roco_scene01_1080p__f00000690.png,data\frames\HR\Roco_scene01_1080p__f00000690.png
val,Roco_scene01_1080p,data\frames\LR_bicubic_X2\Roco_scene01_1080p__f00000720.png,data\frames\HR\Roco_scene01_1080p__f00000720.png
val,Roco_scene01_1080p,data\frames\LR_bicubic_X2\Roco_scene01_1080p__f00000750.png,data\frames\HR\Roco_scene01_1080p__f00000750.png
val,Roco_scene01_1080p,data\frames\LR_bicubic_X2\Roco_scene01_1080p__f00000780.png,data\frames\HR\Roco_scene01_1080p__f00000780.png
val,Roco_scene01_1080p,data\frames\LR_bicubic_X2\Roco_scene01_1080p__f00000810.png,data\frames\HR\Roco_scene01_1080p__f00000810.png
val,Roco_scene01_1080p,data\frames\LR_bicubic_X2\Roco_scene01_1080p__f00000840.png,data\frames\HR\Roco_scene01_1080p__f00000840.png
val,Roco_scene01_1080p,data\frames\LR_bicubic_X2\Roco_scene01_1080p__f00000870.png,data\frames\HR\Roco_scene01_1080p__f00000870.png
val,Roco_scene01_1080p,data\frames\LR_bicubic_X2\Roco_scene01_1080p__f00000900.png,data\frames\HR\Roco_scene01_1080p__f00000900.png
val,Roco_scene01_1080p,data\frames\LR_bicubic_X2\Roco_scene01_1080p__f00000930.png,data\frames\HR\Roco_scene01_1080p__f00000930.png
val,Roco_scene01_1080p,data\frames\LR_bicubic_X2\Roco_scene01_1080p__f00000960.png,data\frames\HR\Roco_scene01_1080p__f00000960.png
val,Roco_scene01_1080p,data\frames\LR_bicubic_X2\Roco_scene01_1080p__f00000990.png,data\frames\HR\Roco_scene01_1080p__f00000990.png
val,Roco_scene01_1080p,data\frames\LR_bicubic_X2\Roco_scene01_1080p__f00001020.png,data\frames\HR\Roco_scene01_1080p__f00001020.png
val,Roco_scene01_1080p,data\frames\LR_bicubic_X2\Roco_scene01_1080p__f00001050.png,data\frames\HR\Roco_scene01_1080p__f00001050.png
val,Roco_scene01_1080p,data\frames\LR_bicubic_X2\Roco_scene01_1080p__f00001080.png,data\frames\HR\Roco_scene01_1080p__f00001080.png
val,Roco_scene01_1080p,data\frames\LR_bicubic_X2\Roco_scene01_1080p__f00001110.png,data\frames\HR\Roco_scene01_1080p__f00001110.png
val,Roco_scene01_1080p,data\frames\LR_bicubic_X2\Roco_scene01_1080p__f00001140.png,data\frames\HR\Roco_scene01_1080p__f00001140.png
val,Roco_scene01_1080p,data\frames\LR_bicubic_X2\Roco_scene01_1080p__f00001170.png,data\frames\HR\Roco_scene01_1080p__f00001170.png
val,Roco_scene01_1080p,data\frames\LR_bicubic_X2\Roco_scene01_1080p__f00001200.png,data\frames\HR\Roco_scene01_1080p__f00001200.png
val,Roco_scene01_1080p,data\frames\LR_bicubic_X2\Roco_scene01_1080p__f00001230.png,data\frames\HR\Roco_scene01_1080p__f00001230.png
val,Roco_scene01_1080p,data\frames\LR_bicubic_X2\Roco_scene01_1080p__f00001260.png,data\frames\HR\Roco_scene01_1080p__f00001260.png
val,Roco_scene01_1080p,data\frames\LR_bicubic_X2\Roco_scene01_1080p__f00001290.png,data\frames\HR\Roco_scene01_1080p__f00001290.png
val,Roco_scene01_1080p,data\frames\LR_bicubic_X2\Roco_scene01_1080p__f00001320.png,data\frames\HR\Roco_scene01_1080p__f00001320.png
val,Roco_scene01_1080p,data\frames\LR_bicubic_X2\Roco_scene01_1080p__f00001350.png,data\frames\HR\Roco_scene01_1080p__f00001350.png
val,Roco_scene01_1080p,data\frames\LR_bicubic_X2\Roco_scene01_1080p__f00001380.png,data\frames\HR\Roco_scene01_1080p__f00001380.png
val,Roco_scene01_1080p,data\frames\LR_bicubic_X2\Roco_scene01_1080p__f00001410.png,data\frames\HR\Roco_scene01_1080p__f00001410.png
val,Roco_scene01_1080p,data\frames\LR_bicubic_X2\Roco_scene01_1080p__f00001440.png,data\frames\HR\Roco_scene01_1080p__f00001440.png
val,Roco_scene01_1080p,data\frames\LR_bicubic_X2\Roco_scene01_1080p__f00001470.png,data\frames\HR\Roco_scene01_1080p__f00001470.png
val,Roco_scene01_1080p,data\frames\LR_bicubic_X2\Roco_scene01_1080p__f00001500.png,data\frames\HR\Roco_scene01_1080p__f00001500.png
val,Roco_scene01_1080p,data\frames\LR_bicubic_X2\Roco_scene01_1080p__f00001530.png,data\frames\HR\Roco_scene01_1080p__f00001530.png
val,Roco_scene01_1080p,data\frames\LR_bicubic_X2\Roco_scene01_1080p__f00001560.png,data\frames\HR\Roco_scene01_1080p__f00001560.png
val,Roco_scene01_1080p,data\frames\LR_bicubic_X2\Roco_scene01_1080p__f00001590.png,data\frames\HR\Roco_scene01_1080p__f00001590.png
val,Roco_scene01_1080p,data\frames\LR_bicubic_X2\Roco_scene01_1080p__f00001620.png,data\frames\HR\Roco_scene01_1080p__f00001620.png
val,Roco_scene01_1080p,data\frames\LR_bicubic_X2\Roco_scene01_1080p__f00001650.png,data\frames\HR\Roco_scene01_1080p__f00001650.png
val,Roco_scene01_1080p,data\frames\LR_bicubic_X2\Roco_scene01_1080p__f00001680.png,data\frames\HR\Roco_scene01_1080p__f00001680.png
val,Roco_scene01_1080p,data\frames\LR_bicubic_X2\Roco_scene01_1080p__f00001710.png,data\frames\HR\Roco_scene01_1080p__f00001710.png
val,Roco_scene01_1080p,data\frames\LR_bicubic_X2\Roco_scene01_1080p__f00001740.png,data\frames\HR\Roco_scene01_1080p__f00001740.png
val,Roco_scene01_1080p,data\frames\LR_bicubic_X2\Roco_scene01_1080p__f00001770.png,data\frames\HR\Roco_scene01_1080p__f00001770.png
val,Roco_scene01_1080p,data\frames\LR_bicubic_X2\Roco_scene01_1080p__f00001800.png,data\frames\HR\Roco_scene01_1080p__f00001800.png
val,Roco_scene01_1080p,data\frames\LR_bicubic_X2\Roco_scene01_1080p__f00001830.png,data\frames\HR\Roco_scene01_1080p__f00001830.png
val,Roco_scene01_1080p,data\frames\LR_bicubic_X2\Roco_scene01_1080p__f00001860.png,data\frames\HR\Roco_scene01_1080p__f00001860.png
val,Roco_scene01_1080p,data\frames\LR_bicubic_X2\Roco_scene01_1080p__f00001890.png,data\frames\HR\Roco_scene01_1080p__f00001890.png
val,Roco_scene01_1080p,data\frames\LR_bicubic_X2\Roco_scene01_1080p__f00001920.png,data\frames\HR\Roco_scene01_1080p__f00001920.png
val,Roco_scene01_1080p,data\frames\LR_bicubic_X2\Roco_scene01_1080p__f00001950.png,data\frames\HR\Roco_scene01_1080p__f00001950.png
val,Roco_scene01_1080p,data\frames\LR_bicubic_X2\Roco_scene01_1080p__f00001980.png,data\frames\HR\Roco_scene01_1080p__f00001980.png
val,Roco_scene01_1080p,data\frames\LR_bicubic_X2\Roco_scene01_1080p__f00002010.png,data\frames\HR\Roco_scene01_1080p__f00002010.png
val,Roco_scene01_1080p,data\frames\LR_bicubic_X2\Roco_scene01_1080p__f00002040.png,data\frames\HR\Roco_scene01_1080p__f00002040.png
val,Roco_scene01_1080p,data\frames\LR_bicubic_X2\Roco_scene01_1080p__f00002070.png,data\frames\HR\Roco_scene01_1080p__f00002070.png
val,Roco_scene01_1080p,data\frames\LR_bicubic_X2\Roco_scene01_1080p__f00002100.png,data\frames\HR\Roco_scene01_1080p__f00002100.png
val,Roco_scene01_1080p,data\frames\LR_bicubic_X2\Roco_scene01_1080p__f00002130.png,data\frames\HR\Roco_scene01_1080p__f00002130.png
val,Roco_scene01_1080p,data\frames\LR_bicubic_X2\Roco_scene01_1080p__f00002160.png,data\frames\HR\Roco_scene01_1080p__f00002160.png
val,Roco_scene01_1080p,data\frames\LR_bicubic_X2\Roco_scene01_1080p__f00002190.png,data\frames\HR\Roco_scene01_1080p__f00002190.png
val,Roco_scene01_1080p,data\frames\LR_bicubic_X2\Roco_scene01_1080p__f00002220.png,data\frames\HR\Roco_scene01_1080p__f00002220.png
val,Roco_scene01_1080p,data\frames\LR_bicubic_X2\Roco_scene01_1080p__f00002250.png,data\frames\HR\Roco_scene01_1080p__f00002250.png
val,Roco_scene01_1080p,data\frames\LR_bicubic_X2\Roco_scene01_1080p__f00002280.png,data\frames\HR\Roco_scene01_1080p__f00002280.png
val,Roco_scene01_1080p,data\frames\LR_bicubic_X2\Roco_scene01_1080p__f00002310.png,data\frames\HR\Roco_scene01_1080p__f00002310.png
val,Roco_scene01_1080p,data\frames\LR_bicubic_X2\Roco_scene01_1080p__f00002340.png,data\frames\HR\Roco_scene01_1080p__f00002340.png
val,Roco_scene01_1080p,data\frames\LR_bicubic_X2\Roco_scene01_1080p__f00002370.png,data\frames\HR\Roco_scene01_1080p__f00002370.png
val,Roco_scene01_1080p,data\frames\LR_bicubic_X2\Roco_scene01_1080p__f00002400.png,data\frames\HR\Roco_scene01_1080p__f00002400.png
val,Roco_scene01_1080p,data\frames\LR_bicubic_X2\Roco_scene01_1080p__f00002430.png,data\frames\HR\Roco_scene01_1080p__f00002430.png
val,Roco_scene01_1080p,data\frames\LR_bicubic_X2\Roco_scene01_1080p__f00002460.png,data\frames\HR\Roco_scene01_1080p__f00002460.png
val,Roco_scene01_1080p,data\frames\LR_bicubic_X2\Roco_scene01_1080p__f00002490.png,data\frames\HR\Roco_scene01_1080p__f00002490.png
val,Roco_scene01_1080p,data\frames\LR_bicubic_X2\Roco_scene01_1080p__f00002520.png,data\frames\HR\Roco_scene01_1080p__f00002520.png
val,Roco_scene01_1080p,data\frames\LR_bicubic_X2\Roco_scene01_1080p__f00002550.png,data\frames\HR\Roco_scene01_1080p__f00002550.png
val,Roco_scene01_1080p,data\frames\LR_bicubic_X2\Roco_scene01_1080p__f00002580.png,data\frames\HR\Roco_scene01_1080p__f00002580.png
val,Roco_scene01_1080p,data\frames\LR_bicubic_X2\Roco_scene01_1080p__f00002610.png,data\frames\HR\Roco_scene01_1080p__f00002610.png
val,Roco_scene01_1080p,data\frames\LR_bicubic_X2\Roco_scene01_1080p__f00002640.png,data\frames\HR\Roco_scene01_1080p__f00002640.png
val,Roco_scene01_1080p,data\frames\LR_bicubic_X2\Roco_scene01_1080p__f00002670.png,data\frames\HR\Roco_scene01_1080p__f00002670.png
val,Roco_scene01_1080p,data\frames\LR_bicubic_X2\Roco_scene01_1080p__f00002700.png,data\frames\HR\Roco_scene01_1080p__f00002700.png
val,Roco_scene01_1080p,data\frames\LR_bicubic_X2\Roco_scene01_1080p__f00002730.png,data\frames\HR\Roco_scene01_1080p__f00002730.png
val,Roco_scene01_1080p,data\frames\LR_bicubic_X2\Roco_scene01_1080p__f00002760.png,data\frames\HR\Roco_scene01_1080p__f00002760.png
val,Roco_scene01_1080p,data\frames\LR_bicubic_X2\Roco_scene01_1080p__f00002790.png,data\frames\HR\Roco_scene01_1080p__f00002790.png
val,Roco_scene01_1080p,data\frames\LR_bicubic_X2\Roco_scene01_1080p__f00002820.png,data\frames\HR\Roco_scene01_1080p__f00002820.png
val,Roco_scene01_1080p,data\frames\LR_bicubic_X2\Roco_scene01_1080p__f00002850.png,data\frames\HR\Roco_scene01_1080p__f00002850.png
val,Roco_scene01_1080p,data\frames\LR_bicubic_X2\Roco_scene01_1080p__f00002880.png,data\frames\HR\Roco_scene01_1080p__f00002880.png
val,Roco_scene01_1080p,data\frames\LR_bicubic_X2\Roco_scene01_1080p__f00002910.png,data\frames\HR\Roco_scene01_1080p__f00002910.png
val,Roco_scene01_1080p,data\frames\LR_bicubic_X2\Roco_scene01_1080p__f00002940.png,data\frames\HR\Roco_scene01_1080p__f00002940.png
val,Roco_scene01_1080p,data\frames\LR_bicubic_X2\Roco_scene01_1080p__f00002970.png,data\frames\HR\Roco_scene01_1080p__f00002970.png
val,Roco_scene01_1080p,data\frames\LR_bicubic_X2\Roco_scene01_1080p__f00003000.png,data\frames\HR\Roco_scene01_1080p__f00003000.png
val,Roco_scene01_1080p,data\frames\LR_bicubic_X2\Roco_scene01_1080p__f00003030.png,data\frames\HR\Roco_scene01_1080p__f00003030.png
val,Roco_scene01_1080p,data\frames\LR_bicubic_X2\Roco_scene01_1080p__f00003060.png,data\frames\HR\Roco_scene01_1080p__f00003060.png
val,Roco_scene01_1080p,data\frames\LR_bicubic_X2\Roco_scene01_1080p__f00003090.png,data\frames\HR\Roco_scene01_1080p__f00003090.png
val,Roco_scene01_1080p,data\frames\LR_bicubic_X2\Roco_scene01_1080p__f00003120.png,data\frames\HR\Roco_scene01_1080p__f00003120.png
val,Roco_scene01_1080p,data\frames\LR_bicubic_X2\Roco_scene01_1080p__f00003150.png,data\frames\HR\Roco_scene01_1080p__f00003150.png
val,Roco_scene01_1080p,data\frames\LR_bicubic_X2\Roco_scene01_1080p__f00003180.png,data\frames\HR\Roco_scene01_1080p__f00003180.png
val,Roco_scene01_1080p,data\frames\LR_bicubic_X2\Roco_scene01_1080p__f00003210.png,data\frames\HR\Roco_scene01_1080p__f00003210.png
val,Roco_scene01_1080p,data\frames\LR_bicubic_X2\Roco_scene01_1080p__f00003240.png,data\frames\HR\Roco_scene01_1080p__f00003240.png
val,Roco_scene01_1080p,data\frames\LR_bicubic_X2\Roco_scene01_1080p__f00003270.png,data\frames\HR\Roco_scene01_1080p__f00003270.png
val,Roco_scene01_1080p,data\frames\LR_bicubic_X2\Roco_scene01_1080p__f00003300.png,data\frames\HR\Roco_scene01_1080p__f00003300.png
val,Roco_scene01_1080p,data\frames\LR_bicubic_X2\Roco_scene01_1080p__f00003330.png,data\frames\HR\Roco_scene01_1080p__f00003330.png
val,Roco_scene01_1080p,data\frames\LR_bicubic_X2\Roco_scene01_1080p__f00003360.png,data\frames\HR\Roco_scene01_1080p__f00003360.png
val,Roco_scene01_1080p,data\frames\LR_bicubic_X2\Roco_scene01_1080p__f00003390.png,data\frames\HR\Roco_scene01_1080p__f00003390.png
val,Roco_scene01_1080p,data\frames\LR_bicubic_X2\Roco_scene01_1080p__f00003420.png,data\frames\HR\Roco_scene01_1080p__f00003420.png
val,Roco_scene01_1080p,data\frames\LR_bicubic_X2\Roco_scene01_1080p__f00003450.png,data\frames\HR\Roco_scene01_1080p__f00003450.png
val,Roco_scene01_1080p,data\frames\LR_bicubic_X2\Roco_scene01_1080p__f00003480.png,data\frames\HR\Roco_scene01_1080p__f00003480.png
val,Roco_scene01_1080p,data\frames\LR_bicubic_X2\Roco_scene01_1080p__f00003510.png,data\frames\HR\Roco_scene01_1080p__f00003510.png
val,Roco_scene01_1080p,data\frames\LR_bicubic_X2\Roco_scene01_1080p__f00003540.png,data\frames\HR\Roco_scene01_1080p__f00003540.png
val,Roco_scene01_1080p,data\frames\LR_bicubic_X2\Roco_scene01_1080p__f00003570.png,data\frames\HR\Roco_scene01_1080p__f00003570.png
val,Roco_scene01_1080p,data\frames\LR_bicubic_X2\Roco_scene01_1080p__f00003600.png,data\frames\HR\Roco_scene01_1080p__f00003600.png
val,Roco_scene01_1080p,data\frames\LR_bicubic_X2\Roco_scene01_1080p__f00003630.png,data\frames\HR\Roco_scene01_1080p__f00003630.png
val,Roco_scene01_1080p,data\frames\LR_bicubic_X2\Roco_scene01_1080p__f00003660.png,data\frames\HR\Roco_scene01_1080p__f00003660.png
val,Roco_scene01_1080p,data\frames\LR_bicubic_X2\Roco_scene01_1080p__f00003690.png,data\frames\HR\Roco_scene01_1080p__f00003690.png
val,Roco_scene01_1080p,data\frames\LR_bicubic_X2\Roco_scene01_1080p__f00003720.png,data\frames\HR\Roco_scene01_1080p__f00003720.png
val,Roco_scene01_1080p,data\frames\LR_bicubic_X2\Roco_scene01_1080p__f00003750.png,data\frames\HR\Roco_scene01_1080p__f00003750.png
val,Roco_scene01_1080p,data\frames\LR_bicubic_X2\Roco_scene01_1080p__f00003780.png,data\frames\HR\Roco_scene01_1080p__f00003780.png
val,Roco_scene01_1080p,data\frames\LR_bicubic_X2\Roco_scene01_1080p__f00003810.png,data\frames\HR\Roco_scene01_1080p__f00003810.png
val,Roco_scene01_1080p,data\frames\LR_bicubic_X2\Roco_scene01_1080p__f00003840.png,data\frames\HR\Roco_scene01_1080p__f00003840.png
val,Roco_scene01_1080p,data\frames\LR_bicubic_X2\Roco_scene01_1080p__f00003870.png,data\frames\HR\Roco_scene01_1080p__f00003870.png
val,Roco_scene01_1080p,data\frames\LR_bicubic_X2\Roco_scene01_1080p__f00003900.png,data\frames\HR\Roco_scene01_1080p__f00003900.png
val,Roco_scene01_1080p,data\frames\LR_bicubic_X2\Roco_scene01_1080p__f00003930.png,data\frames\HR\Roco_scene01_1080p__f00003930.png
val,Roco_scene01_1080p,data\frames\LR_bicubic_X2\Roco_scene01_1080p__f00003960.png,data\frames\HR\Roco_scene01_1080p__f00003960.png
val,Roco_scene01_1080p,data\frames\LR_bicubic_X2\Roco_scene01_1080p__f00003990.png,data\frames\HR\Roco_scene01_1080p__f00003990.png
val,Roco_scene01_1080p,data\frames\LR_bicubic_X2\Roco_scene01_1080p__f00004020.png,data\frames\HR\Roco_scene01_1080p__f00004020.png
val,Roco_scene01_1080p,data\frames\LR_bicubic_X2\Roco_scene01_1080p__f00004050.png,data\frames\HR\Roco_scene01_1080p__f00004050.png
val,Roco_scene01_1080p,data\frames\LR_bicubic_X2\Roco_scene01_1080p__f00004080.png,data\frames\HR\Roco_scene01_1080p__f00004080.png
val,Roco_scene01_1080p,data\frames\LR_bicubic_X2\Roco_scene01_1080p__f00004110.png,data\frames\HR\Roco_scene01_1080p__f00004110.png
val,Roco_scene01_1080p,data\frames\LR_bicubic_X2\Roco_scene01_1080p__f00004140.png,data\frames\HR\Roco_scene01_1080p__f00004140.png
val,Roco_scene01_1080p,data\frames\LR_bicubic_X2\Roco_scene01_1080p__f00004170.png,data\frames\HR\Roco_scene01_1080p__f00004170.png
val,Roco_scene01_1080p,data\frames\LR_bicubic_X2\Roco_scene01_1080p__f00004200.png,data\frames\HR\Roco_scene01_1080p__f00004200.png
val,Roco_scene01_1080p,data\frames\LR_bicubic_X2\Roco_scene01_1080p__f00004230.png,data\frames\HR\Roco_scene01_1080p__f00004230.png
val,Roco_scene01_1080p,data\frames\LR_bicubic_X2\Roco_scene01_1080p__f00004260.png,data\frames\HR\Roco_scene01_1080p__f00004260.png
val,Roco_scene01_1080p,data\frames\LR_bicubic_X2\Roco_scene01_1080p__f00004290.png,data\frames\HR\Roco_scene01_1080p__f00004290.png
val,Roco_scene01_1080p,data\frames\LR_bicubic_X2\Roco_scene01_1080p__f00004320.png,data\frames\HR\Roco_scene01_1080p__f00004320.png
val,Roco_scene01_1080p,data\frames\LR_bicubic_X2\Roco_scene01_1080p__f00004350.png,data\frames\HR\Roco_scene01_1080p__f00004350.png
val,Roco_scene01_1080p,data\frames\LR_bicubic_X2\Roco_scene01_1080p__f00004380.png,data\frames\HR\Roco_scene01_1080p__f00004380.png
val,Roco_scene01_1080p,data\frames\LR_bicubic_X2\Roco_scene01_1080p__f00004410.png,data\frames\HR\Roco_scene01_1080p__f00004410.png
val,Roco_scene01_1080p,data\frames\LR_bicubic_X2\Roco_scene01_1080p__f00004440.png,data\frames\HR\Roco_scene01_1080p__f00004440.png
val,Roco_scene01_1080p,data\frames\LR_bicubic_X2\Roco_scene01_1080p__f00004470.png,data\frames\HR\Roco_scene01_1080p__f00004470.png
val,Roco_scene01_1080p,data\frames\LR_bicubic_X2\Roco_scene01_1080p__f00004500.png,data\frames\HR\Roco_scene01_1080p__f00004500.png
val,Roco_scene01_1080p,data\frames\LR_bicubic_X2\Roco_scene01_1080p__f00004530.png,data\frames\HR\Roco_scene01_1080p__f00004530.png
val,Roco_scene01_1080p,data\frames\LR_bicubic_X2\Roco_scene01_1080p__f00004560.png,data\frames\HR\Roco_scene01_1080p__f00004560.png
val,Roco_scene01_1080p,data\frames\LR_bicubic_X2\Roco_scene01_1080p__f00004590.png,data\frames\HR\Roco_scene01_1080p__f00004590.png
val,Roco_scene01_1080p,data\frames\LR_bicubic_X2\Roco_scene01_1080p__f00004620.png,data\frames\HR\Roco_scene01_1080p__f00004620.png
val,Roco_scene01_1080p,data\frames\LR_bicubic_X2\Roco_scene01_1080p__f00004650.png,data\frames\HR\Roco_scene01_1080p__f00004650.png
val,Roco_scene01_1080p,data\frames\LR_bicubic_X2\Roco_scene01_1080p__f00004680.png,data\frames\HR\Roco_scene01_1080p__f00004680.png
val,Roco_scene01_1080p,data\frames\LR_bicubic_X2\Roco_scene01_1080p__f00004710.png,data\frames\HR\Roco_scene01_1080p__f00004710.png
val,Roco_scene01_1080p,data\frames\LR_bicubic_X2\Roco_scene01_1080p__f00004740.png,data\frames\HR\Roco_scene01_1080p__f00004740.png
val,Roco_scene01_1080p,data\frames\LR_bicubic_X2\Roco_scene01_1080p__f00004770.png,data\frames\HR\Roco_scene01_1080p__f00004770.png
val,Roco_scene01_1080p,data\frames\LR_bicubic_X2\Roco_scene01_1080p__f00004800.png,data\frames\HR\Roco_scene01_1080p__f00004800.png
val,Roco_scene01_1080p,data\frames\LR_bicubic_X2\Roco_scene01_1080p__f00004830.png,data\frames\HR\Roco_scene01_1080p__f00004830.png
val,Roco_scene01_1080p,data\frames\LR_bicubic_X2\Roco_scene01_1080p__f00004860.png,data\frames\HR\Roco_scene01_1080p__f00004860.png
val,Roco_scene01_1080p,data\frames\LR_bicubic_X2\Roco_scene01_1080p__f00004890.png,data\frames\HR\Roco_scene01_1080p__f00004890.png
val,Roco_scene01_1080p,data\frames\LR_bicubic_X2\Roco_scene01_1080p__f00004920.png,data\frames\HR\Roco_scene01_1080p__f00004920.png
val,Roco_scene01_1080p,data\frames\LR_bicubic_X2\Roco_scene01_1080p__f00004950.png,data\frames\HR\Roco_scene01_1080p__f00004950.png
val,Roco_scene01_1080p,data\frames\LR_bicubic_X2\Roco_scene01_1080p__f00004980.png,data\frames\HR\Roco_scene01_1080p__f00004980.png
val,Roco_scene01_1080p,data\frames\LR_bicubic_X2\Roco_scene01_1080p__f00005010.png,data\frames\HR\Roco_scene01_1080p__f00005010.png
val,Roco_scene01_1080p,data\frames\LR_bicubic_X2\Roco_scene01_1080p__f00005040.png,data\frames\HR\Roco_scene01_1080p__f00005040.png
val,Roco_scene01_1080p,data\frames\LR_bicubic_X2\Roco_scene01_1080p__f00005070.png,data\frames\HR\Roco_scene01_1080p__f00005070.png
val,Roco_scene01_1080p,data\frames\LR_bicubic_X2\Roco_scene01_1080p__f00005100.png,data\frames\HR\Roco_scene01_1080p__f00005100.png
val,Roco_scene01_1080p,data\frames\LR_bicubic_X2\Roco_scene01_1080p__f00005130.png,data\frames\HR\Roco_scene01_1080p__f00005130.png
val,Roco_scene01_1080p,data\frames\LR_bicubic_X2\Roco_scene01_1080p__f00005160.png,data\frames\HR\Roco_scene01_1080p__f00005160.png
val,Roco_scene01_1080p,data\frames\LR_bicubic_X2\Roco_scene01_1080p__f00005190.png,data\frames\HR\Roco_scene01_1080p__f00005190.png
val,Roco_scene01_1080p,data\frames\LR_bicubic_X2\Roco_scene01_1080p__f00005220.png,data\frames\HR\Roco_scene01_1080p__f00005220.png
val,Roco_scene01_1080p,data\frames\LR_bicubic_X2\Roco_scene01_1080p__f00005250.png,data\frames\HR\Roco_scene01_1080p__f00005250.png
val,Roco_scene01_1080p,data\frames\LR_bicubic_X2\Roco_scene01_1080p__f00005280.png,data\frames\HR\Roco_scene01_1080p__f00005280.png
val,Roco_scene01_1080p,data\frames\LR_bicubic_X2\Roco_scene01_1080p__f00005310.png,data\frames\HR\Roco_scene01_1080p__f00005310.png
val,Roco_scene01_1080p,data\frames\LR_bicubic_X2\Roco_scene01_1080p__f00005340.png,data\frames\HR\Roco_scene01_1080p__f00005340.png
val,Roco_scene01_1080p,data\frames\LR_bicubic_X2\Roco_scene01_1080p__f00005370.png,data\frames\HR\Roco_scene01_1080p__f00005370.png
val,Roco_scene01_1080p,data\frames\LR_bicubic_X2\Roco_scene01_1080p__f00005400.png,data\frames\HR\Roco_scene01_1080p__f00005400.png
val,Roco_scene01_1080p,data\frames\LR_bicubic_X2\Roco_scene01_1080p__f00005430.png,data\frames\HR\Roco_scene01_1080p__f00005430.png
val,Roco_scene01_1080p,data\frames\LR_bicubic_X2\Roco_scene01_1080p__f00005460.png,data\frames\HR\Roco_scene01_1080p__f00005460.png
val,Roco_scene01_1080p,data\frames\LR_bicubic_X2\Roco_scene01_1080p__f00005490.png,data\frames\HR\Roco_scene01_1080p__f00005490.png
val,Roco_scene01_1080p,data\frames\LR_bicubic_X2\Roco_scene01_1080p__f00005520.png,data\frames\HR\Roco_scene01_1080p__f00005520.png
val,Roco_scene01_1080p,data\frames\LR_bicubic_X2\Roco_scene01_1080p__f00005550.png,data\frames\HR\Roco_scene01_1080p__f00005550.png
val,Roco_scene01_1080p,data\frames\LR_bicubic_X2\Roco_scene01_1080p__f00005580.png,data\frames\HR\Roco_scene01_1080p__f00005580.png
val,Roco_scene01_1080p,data\frames\LR_bicubic_X2\Roco_scene01_1080p__f00005610.png,data\frames\HR\Roco_scene01_1080p__f00005610.png
val,Roco_scene01_1080p,data\frames\LR_bicubic_X2\Roco_scene01_1080p__f00005640.png,data\frames\HR\Roco_scene01_1080p__f00005640.png
val,Roco_scene01_1080p,data\frames\LR_bicubic_X2\Roco_scene01_1080p__f00005670.png,data\frames\HR\Roco_scene01_1080p__f00005670.png
val,Roco_scene01_1080p,data\frames\LR_bicubic_X2\Roco_scene01_1080p__f00005700.png,data\frames\HR\Roco_scene01_1080p__f00005700.png
val,Roco_scene01_1080p,data\frames\LR_bicubic_X2\Roco_scene01_1080p__f00005730.png,data\frames\HR\Roco_scene01_1080p__f00005730.png
val,Roco_scene01_1080p,data\frames\LR_bicubic_X2\Roco_scene01_1080p__f00005760.png,data\frames\HR\Roco_scene01_1080p__f00005760.png
val,Roco_scene01_1080p,data\frames\LR_bicubic_X2\Roco_scene01_1080p__f00005790.png,data\frames\HR\Roco_scene01_1080p__f00005790.png
val,Roco_scene01_1080p,data\frames\LR_bicubic_X2\Roco_scene01_1080p__f00005820.png,data\frames\HR\Roco_scene01_1080p__f00005820.png
val,Roco_scene01_1080p,data\frames\LR_bicubic_X2\Roco_scene01_1080p__f00005850.png,data\frames\HR\Roco_scene01_1080p__f00005850.png
val,Roco_scene01_1080p,data\frames\LR_bicubic_X2\Roco_scene01_1080p__f00005880.png,data\frames\HR\Roco_scene01_1080p__f00005880.png
val,Roco_scene01_1080p,data\frames\LR_bicubic_X2\Roco_scene01_1080p__f00005910.png,data\frames\HR\Roco_scene01_1080p__f00005910.png
val,Roco_scene01_1080p,data\frames\LR_bicubic_X2\Roco_scene01_1080p__f00005940.png,data\frames\HR\Roco_scene01_1080p__f00005940.png
val,Roco_scene01_1080p,data\frames\LR_bicubic_X2\Roco_scene01_1080p__f00005970.png,data\frames\HR\Roco_scene01_1080p__f00005970.png
val,Roco_scene01_1080p,data\frames\LR_bicubic_X2\Roco_scene01_1080p__f00006000.png,data\frames\HR\Roco_scene01_1080p__f00006000.png
val,Roco_scene01_1080p,data\frames\LR_bicubic_X2\Roco_scene01_1080p__f00006030.png,data\frames\HR\Roco_scene01_1080p__f00006030.png
val,Roco_scene01_1080p,data\frames\LR_bicubic_X2\Roco_scene01_1080p__f00006060.png,data\frames\HR\Roco_scene01_1080p__f00006060.png
val,Roco_scene01_1080p,data\frames\LR_bicubic_X2\Roco_scene01_1080p__f00006090.png,data\frames\HR\Roco_scene01_1080p__f00006090.png
val,Roco_scene01_1080p,data\frames\LR_bicubic_X2\Roco_scene01_1080p__f00006120.png,data\frames\HR\Roco_scene01_1080p__f00006120.png
val,Roco_scene01_1080p,data\frames\LR_bicubic_X2\Roco_scene01_1080p__f00006150.png,data\frames\HR\Roco_scene01_1080p__f00006150.png
val,Roco_scene01_1080p,data\frames\LR_bicubic_X2\Roco_scene01_1080p__f00006180.png,data\frames\HR\Roco_scene01_1080p__f00006180.png
val,Roco_scene01_1080p,data\frames\LR_bicubic_X2\Roco_scene01_1080p__f00006210.png,data\frames\HR\Roco_scene01_1080p__f00006210.png
val,Roco_scene01_1080p,data\frames\LR_bicubic_X2\Roco_scene01_1080p__f00006240.png,data\frames\HR\Roco_scene01_1080p__f00006240.png
val,Roco_scene01_1080p,data\frames\LR_bicubic_X2\Roco_scene01_1080p__f00006270.png,data\frames\HR\Roco_scene01_1080p__f00006270.png
val,Roco_scene01_1080p,data\frames\LR_bicubic_X2\Roco_scene01_1080p__f00006300.png,data\frames\HR\Roco_scene01_1080p__f00006300.png
val,Roco_scene01_1080p,data\frames\LR_bicubic_X2\Roco_scene01_1080p__f00006330.png,data\frames\HR\Roco_scene01_1080p__f00006330.png
val,Roco_scene01_1080p,data\frames\LR_bicubic_X2\Roco_scene01_1080p__f00006360.png,data\frames\HR\Roco_scene01_1080p__f00006360.png
val,Roco_scene01_1080p,data\frames\LR_bicubic_X2\Roco_scene01_1080p__f00006390.png,data\frames\HR\Roco_scene01_1080p__f00006390.png
val,Roco_scene01_1080p,data\frames\LR_bicubic_X2\Roco_scene01_1080p__f00006420.png,data\frames\HR\Roco_scene01_1080p__f00006420.png
val,Roco_scene01_1080p,data\frames\LR_bicubic_X2\Roco_scene01_1080p__f00006450.png,data\frames\HR\Roco_scene01_1080p__f00006450.png
val,Roco_scene01_1080p,data\frames\LR_bicubic_X2\Roco_scene01_1080p__f00006480.png,data\frames\HR\Roco_scene01_1080p__f00006480.png
val,Roco_scene01_1080p,data\frames\LR_bicubic_X2\Roco_scene01_1080p__f00006510.png,data\frames\HR\Roco_scene01_1080p__f00006510.png
val,Roco_scene01_1080p,data\frames\LR_bicubic_X2\Roco_scene01_1080p__f00006540.png,data\frames\HR\Roco_scene01_1080p__f00006540.png
val,Roco_scene01_1080p,data\frames\LR_bicubic_X2\Roco_scene01_1080p__f00006570.png,data\frames\HR\Roco_scene01_1080p__f00006570.png
val,Roco_scene01_1080p,data\frames\LR_bicubic_X2\Roco_scene01_1080p__f00006600.png,data\frames\HR\Roco_scene01_1080p__f00006600.png
val,Roco_scene01_1080p,data\frames\LR_bicubic_X2\Roco_scene01_1080p__f00006630.png,data\frames\HR\Roco_scene01_1080p__f00006630.png
val,Roco_scene01_1080p,data\frames\LR_bicubic_X2\Roco_scene01_1080p__f00006660.png,data\frames\HR\Roco_scene01_1080p__f00006660.png
val,Roco_scene01_1080p,data\frames\LR_bicubic_X2\Roco_scene01_1080p__f00006690.png,data\frames\HR\Roco_scene01_1080p__f00006690.png
val,Roco_scene01_1080p,data\frames\LR_bicubic_X2\Roco_scene01_1080p__f00006720.png,data\frames\HR\Roco_scene01_1080p__f00006720.png
val,Roco_scene01_1080p,data\frames\LR_bicubic_X2\Roco_scene01_1080p__f00006750.png,data\frames\HR\Roco_scene01_1080p__f00006750.png
val,Roco_scene01_1080p,data\frames\LR_bicubic_X2\Roco_scene01_1080p__f00006780.png,data\frames\HR\Roco_scene01_1080p__f00006780.png
val,Roco_scene01_1080p,data\frames\LR_bicubic_X2\Roco_scene01_1080p__f00006810.png,data\frames\HR\Roco_scene01_1080p__f00006810.png
val,Roco_scene01_1080p,data\frames\LR_bicubic_X2\Roco_scene01_1080p__f00006840.png,data\frames\HR\Roco_scene01_1080p__f00006840.png
val,Roco_scene01_1080p,data\frames\LR_bicubic_X2\Roco_scene01_1080p__f00006870.png,data\frames\HR\Roco_scene01_1080p__f00006870.png
val,Roco_scene01_1080p,data\frames\LR_bicubic_X2\Roco_scene01_1080p__f00006900.png,data\frames\HR\Roco_scene01_1080p__f00006900.png
val,Roco_scene01_1080p,data\frames\LR_bicubic_X2\Roco_scene01_1080p__f00006930.png,data\frames\HR\Roco_scene01_1080p__f00006930.png
val,Roco_scene01_1080p,data\frames\LR_bicubic_X2\Roco_scene01_1080p__f00006960.png,data\frames\HR\Roco_scene01_1080p__f00006960.png
val,Roco_scene01_1080p,data\frames\LR_bicubic_X2\Roco_scene01_1080p__f00006990.png,data\frames\HR\Roco_scene01_1080p__f00006990.png
val,Roco_scene01_1080p,data\frames\LR_bicubic_X2\Roco_scene01_1080p__f00007020.png,data\frames\HR\Roco_scene01_1080p__f00007020.png
val,Roco_scene01_1080p,data\frames\LR_bicubic_X2\Roco_scene01_1080p__f00007050.png,data\frames\HR\Roco_scene01_1080p__f00007050.png
val,Roco_scene01_1080p,data\frames\LR_bicubic_X2\Roco_scene01_1080p__f00007080.png,data\frames\HR\Roco_scene01_1080p__f00007080.png
val,Roco_scene01_1080p,data\frames\LR_bicubic_X2\Roco_scene01_1080p__f00007110.png,data\frames\HR\Roco_scene01_1080p__f00007110.png
val,Roco_scene01_1080p,data\frames\LR_bicubic_X2\Roco_scene01_1080p__f00007140.png,data\frames\HR\Roco_scene01_1080p__f00007140.png
val,Roco_scene01_1080p,data\frames\LR_bicubic_X2\Roco_scene01_1080p__f00007170.png,data\frames\HR\Roco_scene01_1080p__f00007170.png
val,Roco_scene01_1080p,data\frames\LR_bicubic_X2\Roco_scene01_1080p__f00007200.png,data\frames\HR\Roco_scene01_1080p__f00007200.png
val,Roco_scene01_1080p,data\frames\LR_bicubic_X2\Roco_scene01_1080p__f00007230.png,data\frames\HR\Roco_scene01_1080p__f00007230.png
val,Roco_scene01_1080p,data\frames\LR_bicubic_X2\Roco_scene01_1080p__f00007260.png,data\frames\HR\Roco_scene01_1080p__f00007260.png
val,Roco_scene01_1080p,data\frames\LR_bicubic_X2\Roco_scene01_1080p__f00007290.png,data\frames\HR\Roco_scene01_1080p__f00007290.png
val,Roco_scene01_1080p,data\frames\LR_bicubic_X2\Roco_scene01_1080p__f00007320.png,data\frames\HR\Roco_scene01_1080p__f00007320.png
val,Roco_scene01_1080p,data\frames\LR_bicubic_X2\Roco_scene01_1080p__f00007350.png,data\frames\HR\Roco_scene01_1080p__f00007350.png
val,Roco_scene01_1080p,data\frames\LR_bicubic_X2\Roco_scene01_1080p__f00007380.png,data\frames\HR\Roco_scene01_1080p__f00007380.png
val,Roco_scene01_1080p,data\frames\LR_bicubic_X2\Roco_scene01_1080p__f00007410.png,data\frames\HR\Roco_scene01_1080p__f00007410.png
val,Roco_scene01_1080p,data\frames\LR_bicubic_X2\Roco_scene01_1080p__f00007440.png,data\frames\HR\Roco_scene01_1080p__f00007440.png
val,Roco_scene01_1080p,data\frames\LR_bicubic_X2\Roco_scene01_1080p__f00007470.png,data\frames\HR\Roco_scene01_1080p__f00007470.png
val,Roco_scene01_1080p,data\frames\LR_bicubic_X2\Roco_scene01_1080p__f00007500.png,data\frames\HR\Roco_scene01_1080p__f00007500.png
val,Roco_scene01_1080p,data\frames\LR_bicubic_X2\Roco_scene01_1080p__f00007530.png,data\frames\HR\Roco_scene01_1080p__f00007530.png
val,Roco_scene01_1080p,data\frames\LR_bicubic_X2\Roco_scene01_1080p__f00007560.png,data\frames\HR\Roco_scene01_1080p__f00007560.png
val,Roco_scene01_1080p,data\frames\LR_bicubic_X2\Roco_scene01_1080p__f00007590.png,data\frames\HR\Roco_scene01_1080p__f00007590.png
val,Roco_scene01_1080p,data\frames\LR_bicubic_X2\Roco_scene01_1080p__f00007620.png,data\frames\HR\Roco_scene01_1080p__f00007620.png
val,Roco_scene01_1080p,data\frames\LR_bicubic_X2\Roco_scene01_1080p__f00007650.png,data\frames\HR\Roco_scene01_1080p__f00007650.png
val,Roco_scene01_1080p,data\frames\LR_bicubic_X2\Roco_scene01_1080p__f00007680.png,data\frames\HR\Roco_scene01_1080p__f00007680.png
val,Roco_scene01_1080p,data\frames\LR_bicubic_X2\Roco_scene01_1080p__f00007710.png,data\frames\HR\Roco_scene01_1080p__f00007710.png
val,Roco_scene01_1080p,data\frames\LR_bicubic_X2\Roco_scene01_1080p__f00007740.png,data\frames\HR\Roco_scene01_1080p__f00007740.png
val,Roco_scene01_1080p,data\frames\LR_bicubic_X2\Roco_scene01_1080p__f00007770.png,data\frames\HR\Roco_scene01_1080p__f00007770.png
val,Roco_scene01_1080p,data\frames\LR_bicubic_X2\Roco_scene01_1080p__f00007800.png,data\frames\HR\Roco_scene01_1080p__f00007800.png
val,Roco_scene01_1080p,data\frames\LR_bicubic_X2\Roco_scene01_1080p__f00007830.png,data\frames\HR\Roco_scene01_1080p__f00007830.png
val,Roco_scene01_1080p,data\frames\LR_bicubic_X2\Roco_scene01_1080p__f00007860.png,data\frames\HR\Roco_scene01_1080p__f00007860.png
val,Roco_scene01_1080p,data\frames\LR_bicubic_X2\Roco_scene01_1080p__f00007890.png,data\frames\HR\Roco_scene01_1080p__f00007890.png
val,Roco_scene01_1080p,data\frames\LR_bicubic_X2\Roco_scene01_1080p__f00007920.png,data\frames\HR\Roco_scene01_1080p__f00007920.png
val,Roco_scene01_1080p,data\frames\LR_bicubic_X2\Roco_scene01_1080p__f00007950.png,data\frames\HR\Roco_scene01_1080p__f00007950.png
val,Roco_scene01_1080p,data\frames\LR_bicubic_X2\Roco_scene01_1080p__f00007980.png,data\frames\HR\Roco_scene01_1080p__f00007980.png
val,Roco_scene01_1080p,data\frames\LR_bicubic_X2\Roco_scene01_1080p__f00008010.png,data\frames\HR\Roco_scene01_1080p__f00008010.png
val,Roco_scene01_1080p,data\frames\LR_bicubic_X2\Roco_scene01_1080p__f00008040.png,data\frames\HR\Roco_scene01_1080p__f00008040.png
val,Roco_scene01_1080p,data\frames\LR_bicubic_X2\Roco_scene01_1080p__f00008070.png,data\frames\HR\Roco_scene01_1080p__f00008070.png
val,Roco_scene01_1080p,data\frames\LR_bicubic_X2\Roco_scene01_1080p__f00008100.png,data\frames\HR\Roco_scene01_1080p__f00008100.png
val,Roco_scene01_1080p,data\frames\LR_bicubic_X2\Roco_scene01_1080p__f00008130.png,data\frames\HR\Roco_scene01_1080p__f00008130.png
val,Roco_scene01_1080p,data\frames\LR_bicubic_X2\Roco_scene01_1080p__f00008160.png,data\frames\HR\Roco_scene01_1080p__f00008160.png
val,Roco_scene01_1080p,data\frames\LR_bicubic_X2\Roco_scene01_1080p__f00008190.png,data\frames\HR\Roco_scene01_1080p__f00008190.png
val,Roco_scene01_1080p,data\frames\LR_bicubic_X2\Roco_scene01_1080p__f00008220.png,data\frames\HR\Roco_scene01_1080p__f00008220.png
val,Roco_scene01_1080p,data\frames\LR_bicubic_X2\Roco_scene01_1080p__f00008250.png,data\frames\HR\Roco_scene01_1080p__f00008250.png
val,Roco_scene01_1080p,data\frames\LR_bicubic_X2\Roco_scene01_1080p__f00008280.png,data\frames\HR\Roco_scene01_1080p__f00008280.png
val,Roco_scene01_1080p,data\frames\LR_bicubic_X2\Roco_scene01_1080p__f00008310.png,data\frames\HR\Roco_scene01_1080p__f00008310.png
val,Roco_scene01_1080p,data\frames\LR_bicubic_X2\Roco_scene01_1080p__f00008340.png,data\frames\HR\Roco_scene01_1080p__f00008340.png
val,Roco_scene01_1080p,data\frames\LR_bicubic_X2\Roco_scene01_1080p__f00008370.png,data\frames\HR\Roco_scene01_1080p__f00008370.png
val,Roco_scene01_1080p,data\frames\LR_bicubic_X2\Roco_scene01_1080p__f00008400.png,data\frames\HR\Roco_scene01_1080p__f00008400.png
val,Roco_scene01_1080p,data\frames\LR_bicubic_X2\Roco_scene01_1080p__f00008430.png,data\frames\HR\Roco_scene01_1080p__f00008430.png
val,Roco_scene01_1080p,data\frames\LR_bicubic_X2\Roco_scene01_1080p__f00008460.png,data\frames\HR\Roco_scene01_1080p__f00008460.png
val,Roco_scene01_1080p,data\frames\LR_bicubic_X2\Roco_scene01_1080p__f00008490.png,data\frames\HR\Roco_scene01_1080p__f00008490.png
val,Roco_scene01_1080p,data\frames\LR_bicubic_X2\Roco_scene01_1080p__f00008520.png,data\frames\HR\Roco_scene01_1080p__f00008520.png
val,Roco_scene01_1080p,data\frames\LR_bicubic_X2\Roco_scene01_1080p__f00008550.png,data\frames\HR\Roco_scene01_1080p__f00008550.png
val,Roco_scene01_1080p,data\frames\LR_bicubic_X2\Roco_scene01_1080p__f00008580.png,data\frames\HR\Roco_scene01_1080p__f00008580.png
val,Roco_scene01_1080p,data\frames\LR_bicubic_X2\Roco_scene01_1080p__f00008610.png,data\frames\HR\Roco_scene01_1080p__f00008610.png
val,Roco_scene01_1080p,data\frames\LR_bicubic_X2\Roco_scene01_1080p__f00008640.png,data\frames\HR\Roco_scene01_1080p__f00008640.png
val,Roco_scene01_1080p,data\frames\LR_bicubic_X2\Roco_scene01_1080p__f00008670.png,data\frames\HR\Roco_scene01_1080p__f00008670.png
val,Roco_scene01_1080p,data\frames\LR_bicubic_X2\Roco_scene01_1080p__f00008700.png,data\frames\HR\Roco_scene01_1080p__f00008700.png
val,Roco_scene01_1080p,data\frames\LR_bicubic_X2\Roco_scene01_1080p__f00008730.png,data\frames\HR\Roco_scene01_1080p__f00008730.png
val,Roco_scene01_1080p,data\frames\LR_bicubic_X2\Roco_scene01_1080p__f00008760.png,data\frames\HR\Roco_scene01_1080p__f00008760.png
val,Roco_scene01_1080p,data\frames\LR_bicubic_X2\Roco_scene01_1080p__f00008790.png,data\frames\HR\Roco_scene01_1080p__f00008790.png
val,Roco_scene01_1080p,data\frames\LR_bicubic_X2\Roco_scene01_1080p__f00008820.png,data\frames\HR\Roco_scene01_1080p__f00008820.png
val,Roco_scene01_1080p,data\frames\LR_bicubic_X2\Roco_scene01_1080p__f00008850.png,data\frames\HR\Roco_scene01_1080p__f00008850.png
val,Roco_scene01_1080p,data\frames\LR_bicubic_X2\Roco_scene01_1080p__f00008880.png,data\frames\HR\Roco_scene01_1080p__f00008880.png
val,Roco_scene01_1080p,data\frames\LR_bicubic_X2\Roco_scene01_1080p__f00008910.png,data\frames\HR\Roco_scene01_1080p__f00008910.png
val,Roco_scene01_1080p,data\frames\LR_bicubic_X2\Roco_scene01_1080p__f00008940.png,data\frames\HR\Roco_scene01_1080p__f00008940.png
val,Roco_scene01_1080p,data\frames\LR_bicubic_X2\Roco_scene01_1080p__f00008970.png,data\frames\HR\Roco_scene01_1080p__f00008970.png
val,Roco_scene01_1080p,data\frames\LR_bicubic_X2\Roco_scene01_1080p__f00009000.png,data\frames\HR\Roco_scene01_1080p__f00009000.png
val,Roco_scene01_1080p,data\frames\LR_bicubic_X2\Roco_scene01_1080p__f00009030.png,data\frames\HR\Roco_scene01_1080p__f00009030.png
val,Roco_scene01_1080p,data\frames\LR_bicubic_X2\Roco_scene01_1080p__f00009060.png,data\frames\HR\Roco_scene01_1080p__f00009060.png
val,Roco_scene01_1080p,data\frames\LR_bicubic_X2\Roco_scene01_1080p__f00009090.png,data\frames\HR\Roco_scene01_1080p__f00009090.png
val,Roco_scene01_1080p,data\frames\LR_bicubic_X2\Roco_scene01_1080p__f00009120.png,data\frames\HR\Roco_scene01_1080p__f00009120.png
val,Roco_scene01_1080p,data\frames\LR_bicubic_X2\Roco_scene01_1080p__f00009150.png,data\frames\HR\Roco_scene01_1080p__f00009150.png
val,Roco_scene01_1080p,data\frames\LR_bicubic_X2\Roco_scene01_1080p__f00009180.png,data\frames\HR\Roco_scene01_1080p__f00009180.png
val,Roco_scene01_1080p,data\frames\LR_bicubic_X2\Roco_scene01_1080p__f00009210.png,data\frames\HR\Roco_scene01_1080p__f00009210.png
val,Roco_scene01_1080p,data\frames\LR_bicubic_X2\Roco_scene01_1080p__f00009240.png,data\frames\HR\Roco_scene01_1080p__f00009240.png
val,Roco_scene01_1080p,data\frames\LR_bicubic_X2\Roco_scene01_1080p__f00009270.png,data\frames\HR\Roco_scene01_1080p__f00009270.png
val,Roco_scene01_1080p,data\frames\LR_bicubic_X2\Roco_scene01_1080p__f00009300.png,data\frames\HR\Roco_scene01_1080p__f00009300.png
val,Roco_scene01_1080p,data\frames\LR_bicubic_X2\Roco_scene01_1080p__f00009330.png,data\frames\HR\Roco_scene01_1080p__f00009330.png
val,Roco_scene01_1080p,data\frames\LR_bicubic_X2\Roco_scene01_1080p__f00009360.png,data\frames\HR\Roco_scene01_1080p__f00009360.png
val,Roco_scene01_1080p,data\frames\LR_bicubic_X2\Roco_scene01_1080p__f00009390.png,data\frames\HR\Roco_scene01_1080p__f00009390.png
val,Roco_scene01_1080p,data\frames\LR_bicubic_X2\Roco_scene01_1080p__f00009420.png,data\frames\HR\Roco_scene01_1080p__f00009420.png
val,Roco_scene01_1080p,data\frames\LR_bicubic_X2\Roco_scene01_1080p__f00009450.png,data\frames\HR\Roco_scene01_1080p__f00009450.png
val,Roco_scene01_1080p,data\frames\LR_bicubic_X2\Roco_scene01_1080p__f00009480.png,data\frames\HR\Roco_scene01_1080p__f00009480.png
val,Roco_scene01_1080p,data\frames\LR_bicubic_X2\Roco_scene01_1080p__f00009510.png,data\frames\HR\Roco_scene01_1080p__f00009510.png
val,Roco_scene01_1080p,data\frames\LR_bicubic_X2\Roco_scene01_1080p__f00009540.png,data\frames\HR\Roco_scene01_1080p__f00009540.png
val,Roco_scene01_1080p,data\frames\LR_bicubic_X2\Roco_scene01_1080p__f00009570.png,data\frames\HR\Roco_scene01_1080p__f00009570.png
val,Roco_scene01_1080p,data\frames\LR_bicubic_X2\Roco_scene01_1080p__f00009600.png,data\frames\HR\Roco_scene01_1080p__f00009600.png
val,Roco_scene01_1080p,data\frames\LR_bicubic_X2\Roco_scene01_1080p__f00009630.png,data\frames\HR\Roco_scene01_1080p__f00009630.png
val,Roco_scene01_1080p,data\frames\LR_bicubic_X2\Roco_scene01_1080p__f00009660.png,data\frames\HR\Roco_scene01_1080p__f00009660.png
val,Roco_scene01_1080p,data\frames\LR_bicubic_X2\Roco_scene01_1080p__f00009690.png,data\frames\HR\Roco_scene01_1080p__f00009690.png
val,Roco_scene01_1080p,data\frames\LR_bicubic_X2\Roco_scene01_1080p__f00009720.png,data\frames\HR\Roco_scene01_1080p__f00009720.png
val,Roco_scene01_1080p,data\frames\LR_bicubic_X2\Roco_scene01_1080p__f00009750.png,data\frames\HR\Roco_scene01_1080p__f00009750.png
val,Roco_scene01_1080p,data\frames\LR_bicubic_X2\Roco_scene01_1080p__f00009780.png,data\frames\HR\Roco_scene01_1080p__f00009780.png
val,Roco_scene01_1080p,data\frames\LR_bicubic_X2\Roco_scene01_1080p__f00009810.png,data\frames\HR\Roco_scene01_1080p__f00009810.png
val,Roco_scene01_1080p,data\frames\LR_bicubic_X2\Roco_scene01_1080p__f00009840.png,data\frames\HR\Roco_scene01_1080p__f00009840.png
val,Roco_scene01_1080p,data\frames\LR_bicubic_X2\Roco_scene01_1080p__f00009870.png,data\frames\HR\Roco_scene01_1080p__f00009870.png
val,Roco_scene01_1080p,data\frames\LR_bicubic_X2\Roco_scene01_1080p__f00009900.png,data\frames\HR\Roco_scene01_1080p__f00009900.png
val,Roco_scene01_1080p,data\frames\LR_bicubic_X2\Roco_scene01_1080p__f00009930.png,data\frames\HR\Roco_scene01_1080p__f00009930.png
val,Roco_scene01_1080p,data\frames\LR_bicubic_X2\Roco_scene01_1080p__f00009960.png,data\frames\HR\Roco_scene01_1080p__f00009960.png
val,Roco_scene01_1080p,data\frames\LR_bicubic_X2\Roco_scene01_1080p__f00009990.png,data\frames\HR\Roco_scene01_1080p__f00009990.png
val,Roco_scene01_1080p,data\frames\LR_bicubic_X2\Roco_scene01_1080p__f00010020.png,data\frames\HR\Roco_scene01_1080p__f00010020.png
val,Roco_scene01_1080p,data\frames\LR_bicubic_X2\Roco_scene01_1080p__f00010050.png,data\frames\HR\Roco_scene01_1080p__f00010050.png
val,Roco_scene01_1080p,data\frames\LR_bicubic_X2\Roco_scene01_1080p__f00010080.png,data\frames\HR\Roco_scene01_1080p__f00010080.png
val,Roco_scene01_1080p,data\frames\LR_bicubic_X2\Roco_scene01_1080p__f00010110.png,data\frames\HR\Roco_scene01_1080p__f00010110.png
val,Roco_scene01_1080p,data\frames\LR_bicubic_X2\Roco_scene01_1080p__f00010140.png,data\frames\HR\Roco_scene01_1080p__f00010140.png
val,Roco_scene01_1080p,data\frames\LR_bicubic_X2\Roco_scene01_1080p__f00010170.png,data\frames\HR\Roco_scene01_1080p__f00010170.png
val,Roco_scene01_1080p,data\frames\LR_bicubic_X2\Roco_scene01_1080p__f00010200.png,data\frames\HR\Roco_scene01_1080p__f00010200.png
val,Roco_scene01_1080p,data\frames\LR_bicubic_X2\Roco_scene01_1080p__f00010230.png,data\frames\HR\Roco_scene01_1080p__f00010230.png
val,Roco_scene01_1080p,data\frames\LR_bicubic_X2\Roco_scene01_1080p__f00010260.png,data\frames\HR\Roco_scene01_1080p__f00010260.png
val,Roco_scene01_1080p,data\frames\LR_bicubic_X2\Roco_scene01_1080p__f00010290.png,data\frames\HR\Roco_scene01_1080p__f00010290.png
val,Roco_scene01_1080p,data\frames\LR_bicubic_X2\Roco_scene01_1080p__f00010320.png,data\frames\HR\Roco_scene01_1080p__f00010320.png
val,Roco_scene01_1080p,data\frames\LR_bicubic_X2\Roco_scene01_1080p__f00010350.png,data\frames\HR\Roco_scene01_1080p__f00010350.png
val,Roco_scene01_1080p,data\frames\LR_bicubic_X2\Roco_scene01_1080p__f00010380.png,data\frames\HR\Roco_scene01_1080p__f00010380.png
val,Roco_scene01_1080p,data\frames\LR_bicubic_X2\Roco_scene01_1080p__f00010410.png,data\frames\HR\Roco_scene01_1080p__f00010410.png
val,Roco_scene01_1080p,data\frames\LR_bicubic_X2\Roco_scene01_1080p__f00010440.png,data\frames\HR\Roco_scene01_1080p__f00010440.png
val,Roco_scene01_1080p,data\frames\LR_bicubic_X2\Roco_scene01_1080p__f00010470.png,data\frames\HR\Roco_scene01_1080p__f00010470.png
val,Roco_scene01_1080p,data\frames\LR_bicubic_X2\Roco_scene01_1080p__f00010500.png,data\frames\HR\Roco_scene01_1080p__f00010500.png
val,Roco_scene01_1080p,data\frames\LR_bicubic_X2\Roco_scene01_1080p__f00010530.png,data\frames\HR\Roco_scene01_1080p__f00010530.png
val,Roco_scene01_1080p,data\frames\LR_bicubic_X2\Roco_scene01_1080p__f00010560.png,data\frames\HR\Roco_scene01_1080p__f00010560.png
val,Roco_scene01_1080p,data\frames\LR_bicubic_X2\Roco_scene01_1080p__f00010590.png,data\frames\HR\Roco_scene01_1080p__f00010590.png
val,Roco_scene01_1080p,data\frames\LR_bicubic_X2\Roco_scene01_1080p__f00010620.png,data\frames\HR\Roco_scene01_1080p__f00010620.png
val,Roco_scene01_1080p,data\frames\LR_bicubic_X2\Roco_scene01_1080p__f00010650.png,data\frames\HR\Roco_scene01_1080p__f00010650.png
val,Roco_scene01_1080p,data\frames\LR_bicubic_X2\Roco_scene01_1080p__f00010680.png,data\frames\HR\Roco_scene01_1080p__f00010680.png
val,Roco_scene01_1080p,data\frames\LR_bicubic_X2\Roco_scene01_1080p__f00010710.png,data\frames\HR\Roco_scene01_1080p__f00010710.png
val,Roco_scene01_1080p,data\frames\LR_bicubic_X2\Roco_scene01_1080p__f00010740.png,data\frames\HR\Roco_scene01_1080p__f00010740.png
val,Roco_scene01_1080p,data\frames\LR_bicubic_X2\Roco_scene01_1080p__f00010770.png,data\frames\HR\Roco_scene01_1080p__f00010770.png
val,Roco_scene01_1080p,data\frames\LR_bicubic_X2\Roco_scene01_1080p__f00010800.png,data\frames\HR\Roco_scene01_1080p__f00010800.png
val,Roco_scene01_1080p,data\frames\LR_bicubic_X2\Roco_scene01_1080p__f00010830.png,data\frames\HR\Roco_scene01_1080p__f00010830.png
val,Roco_scene01_1080p,data\frames\LR_bicubic_X2\Roco_scene01_1080p__f00010860.png,data\frames\HR\Roco_scene01_1080p__f00010860.png
val,Roco_scene01_1080p,data\frames\LR_bicubic_X2\Roco_scene01_1080p__f00010890.png,data\frames\HR\Roco_scene01_1080p__f00010890.png
val,Roco_scene01_1080p,data\frames\LR_bicubic_X2\Roco_scene01_1080p__f00010920.png,data\frames\HR\Roco_scene01_1080p__f00010920.png
val,Roco_scene01_1080p,data\frames\LR_bicubic_X2\Roco_scene01_1080p__f00010950.png,data\frames\HR\Roco_scene01_1080p__f00010950.png
val,Roco_scene01_1080p,data\frames\LR_bicubic_X2\Roco_scene01_1080p__f00010980.png,data\frames\HR\Roco_scene01_1080p__f00010980.png
val,Roco_scene01_1080p,data\frames\LR_bicubic_X2\Roco_scene01_1080p__f00011010.png,data\frames\HR\Roco_scene01_1080p__f00011010.png
val,Roco_scene01_1080p,data\frames\LR_bicubic_X2\Roco_scene01_1080p__f00011040.png,data\frames\HR\Roco_scene01_1080p__f00011040.png
val,Roco_scene01_1080p,data\frames\LR_bicubic_X2\Roco_scene01_1080p__f00011070.png,data\frames\HR\Roco_scene01_1080p__f00011070.png
val,Roco_scene01_1080p,data\frames\LR_bicubic_X2\Roco_scene01_1080p__f00011100.png,data\frames\HR\Roco_scene01_1080p__f00011100.png
val,Roco_scene01_1080p,data\frames\LR_bicubic_X2\Roco_scene01_1080p__f00011130.png,data\frames\HR\Roco_scene01_1080p__f00011130.png
val,Roco_scene01_1080p,data\frames\LR_bicubic_X2\Roco_scene01_1080p__f00011160.png,data\frames\HR\Roco_scene01_1080p__f00011160.png
val,Roco_scene01_1080p,data\frames\LR_bicubic_X2\Roco_scene01_1080p__f00011190.png,data\frames\HR\Roco_scene01_1080p__f00011190.png
val,Roco_scene01_1080p,data\frames\LR_bicubic_X2\Roco_scene01_1080p__f00011220.png,data\frames\HR\Roco_scene01_1080p__f00011220.png
val,Roco_scene01_1080p,data\frames\LR_bicubic_X2\Roco_scene01_1080p__f00011250.png,data\frames\HR\Roco_scene01_1080p__f00011250.png
val,Roco_scene01_1080p,data\frames\LR_bicubic_X2\Roco_scene01_1080p__f00011280.png,data\frames\HR\Roco_scene01_1080p__f00011280.png
val,Roco_scene01_1080p,data\frames\LR_bicubic_X2\Roco_scene01_1080p__f00011310.png,data\frames\HR\Roco_scene01_1080p__f00011310.png
test,Roco_scene02_1080p,data\frames\LR_bicubic_X2\Roco_scene02_1080p__f00000000.png,data\frames\HR\Roco_scene02_1080p__f00000000.png
test,Roco_scene02_1080p,data\frames\LR_bicubic_X2\Roco_scene02_1080p__f00000030.png,data\frames\HR\Roco_scene02_1080p__f00000030.png
test,Roco_scene02_1080p,data\frames\LR_bicubic_X2\Roco_scene02_1080p__f00000060.png,data\frames\HR\Roco_scene02_1080p__f00000060.png
test,Roco_scene02_1080p,data\frames\LR_bicubic_X2\Roco_scene02_1080p__f00000090.png,data\frames\HR\Roco_scene02_1080p__f00000090.png
test,Roco_scene02_1080p,data\frames\LR_bicubic_X2\Roco_scene02_1080p__f00000120.png,data\frames\HR\Roco_scene02_1080p__f00000120.png
test,Roco_scene02_1080p,data\frames\LR_bicubic_X2\Roco_scene02_1080p__f00000150.png,data\frames\HR\Roco_scene02_1080p__f00000150.png
test,Roco_scene02_1080p,data\frames\LR_bicubic_X2\Roco_scene02_1080p__f00000180.png,data\frames\HR\Roco_scene02_1080p__f00000180.png
test,Roco_scene02_1080p,data\frames\LR_bicubic_X2\Roco_scene02_1080p__f00000210.png,data\frames\HR\Roco_scene02_1080p__f00000210.png
test,Roco_scene02_1080p,data\frames\LR_bicubic_X2\Roco_scene02_1080p__f00000240.png,data\frames\HR\Roco_scene02_1080p__f00000240.png
test,Roco_scene02_1080p,data\frames\LR_bicubic_X2\Roco_scene02_1080p__f00000270.png,data\frames\HR\Roco_scene02_1080p__f00000270.png
test,Roco_scene02_1080p,data\frames\LR_bicubic_X2\Roco_scene02_1080p__f00000300.png,data\frames\HR\Roco_scene02_1080p__f00000300.png
test,Roco_scene02_1080p,data\frames\LR_bicubic_X2\Roco_scene02_1080p__f00000330.png,data\frames\HR\Roco_scene02_1080p__f00000330.png
test,Roco_scene02_1080p,data\frames\LR_bicubic_X2\Roco_scene02_1080p__f00000360.png,data\frames\HR\Roco_scene02_1080p__f00000360.png
test,Roco_scene02_1080p,data\frames\LR_bicubic_X2\Roco_scene02_1080p__f00000390.png,data\frames\HR\Roco_scene02_1080p__f00000390.png
test,Roco_scene02_1080p,data\frames\LR_bicubic_X2\Roco_scene02_1080p__f00000420.png,data\frames\HR\Roco_scene02_1080p__f00000420.png
test,Roco_scene02_1080p,data\frames\LR_bicubic_X2\Roco_scene02_1080p__f00000450.png,data\frames\HR\Roco_scene02_1080p__f00000450.png
test,Roco_scene02_1080p,data\frames\LR_bicubic_X2\Roco_scene02_1080p__f00000480.png,data\frames\HR\Roco_scene02_1080p__f00000480.png
test,Roco_scene02_1080p,data\frames\LR_bicubic_X2\Roco_scene02_1080p__f00000510.png,data\frames\HR\Roco_scene02_1080p__f00000510.png
test,Roco_scene02_1080p,data\frames\LR_bicubic_X2\Roco_scene02_1080p__f00000540.png,data\frames\HR\Roco_scene02_1080p__f00000540.png
test,Roco_scene02_1080p,data\frames\LR_bicubic_X2\Roco_scene02_1080p__f00000570.png,data\frames\HR\Roco_scene02_1080p__f00000570.png
test,Roco_scene02_1080p,data\frames\LR_bicubic_X2\Roco_scene02_1080p__f00000600.png,data\frames\HR\Roco_scene02_1080p__f00000600.png
test,Roco_scene02_1080p,data\frames\LR_bicubic_X2\Roco_scene02_1080p__f00000630.png,data\frames\HR\Roco_scene02_1080p__f00000630.png
test,Roco_scene02_1080p,data\frames\LR_bicubic_X2\Roco_scene02_1080p__f00000660.png,data\frames\HR\Roco_scene02_1080p__f00000660.png
test,Roco_scene02_1080p,data\frames\LR_bicubic_X2\Roco_scene02_1080p__f00000690.png,data\frames\HR\Roco_scene02_1080p__f00000690.png
test,Roco_scene02_1080p,data\frames\LR_bicubic_X2\Roco_scene02_1080p__f00000720.png,data\frames\HR\Roco_scene02_1080p__f00000720.png
test,Roco_scene02_1080p,data\frames\LR_bicubic_X2\Roco_scene02_1080p__f00000750.png,data\frames\HR\Roco_scene02_1080p__f00000750.png
test,Roco_scene02_1080p,data\frames\LR_bicubic_X2\Roco_scene02_1080p__f00000780.png,data\frames\HR\Roco_scene02_1080p__f00000780.png
test,Roco_scene02_1080p,data\frames\LR_bicubic_X2\Roco_scene02_1080p__f00000810.png,data\frames\HR\Roco_scene02_1080p__f00000810.png
test,Roco_scene02_1080p,data\frames\LR_bicubic_X2\Roco_scene02_1080p__f00000840.png,data\frames\HR\Roco_scene02_1080p__f00000840.png
test,Roco_scene02_1080p,data\frames\LR_bicubic_X2\Roco_scene02_1080p__f00000870.png,data\frames\HR\Roco_scene02_1080p__f00000870.png
test,Roco_scene02_1080p,data\frames\LR_bicubic_X2\Roco_scene02_1080p__f00000900.png,data\frames\HR\Roco_scene02_1080p__f00000900.png
test,Roco_scene02_1080p,data\frames\LR_bicubic_X2\Roco_scene02_1080p__f00000930.png,data\frames\HR\Roco_scene02_1080p__f00000930.png
test,Roco_scene02_1080p,data\frames\LR_bicubic_X2\Roco_scene02_1080p__f00000960.png,data\frames\HR\Roco_scene02_1080p__f00000960.png
test,Roco_scene02_1080p,data\frames\LR_bicubic_X2\Roco_scene02_1080p__f00000990.png,data\frames\HR\Roco_scene02_1080p__f00000990.png
test,Roco_scene02_1080p,data\frames\LR_bicubic_X2\Roco_scene02_1080p__f00001020.png,data\frames\HR\Roco_scene02_1080p__f00001020.png
test,Roco_scene02_1080p,data\frames\LR_bicubic_X2\Roco_scene02_1080p__f00001050.png,data\frames\HR\Roco_scene02_1080p__f00001050.png
test,Roco_scene02_1080p,data\frames\LR_bicubic_X2\Roco_scene02_1080p__f00001080.png,data\frames\HR\Roco_scene02_1080p__f00001080.png
test,Roco_scene02_1080p,data\frames\LR_bicubic_X2\Roco_scene02_1080p__f00001110.png,data\frames\HR\Roco_scene02_1080p__f00001110.png
test,Roco_scene02_1080p,data\frames\LR_bicubic_X2\Roco_scene02_1080p__f00001140.png,data\frames\HR\Roco_scene02_1080p__f00001140.png
test,Roco_scene02_1080p,data\frames\LR_bicubic_X2\Roco_scene02_1080p__f00001170.png,data\frames\HR\Roco_scene02_1080p__f00001170.png
test,Roco_scene02_1080p,data\frames\LR_bicubic_X2\Roco_scene02_1080p__f00001200.png,data\frames\HR\Roco_scene02_1080p__f00001200.png
test,Roco_scene02_1080p,data\frames\LR_bicubic_X2\Roco_scene02_1080p__f00001230.png,data\frames\HR\Roco_scene02_1080p__f00001230.png
test,Roco_scene02_1080p,data\frames\LR_bicubic_X2\Roco_scene02_1080p__f00001260.png,data\frames\HR\Roco_scene02_1080p__f00001260.png
test,Roco_scene02_1080p,data\frames\LR_bicubic_X2\Roco_scene02_1080p__f00001290.png,data\frames\HR\Roco_scene02_1080p__f00001290.png
test,Roco_scene02_1080p,data\frames\LR_bicubic_X2\Roco_scene02_1080p__f00001320.png,data\frames\HR\Roco_scene02_1080p__f00001320.png
test,Roco_scene02_1080p,data\frames\LR_bicubic_X2\Roco_scene02_1080p__f00001350.png,data\frames\HR\Roco_scene02_1080p__f00001350.png
test,Roco_scene02_1080p,data\frames\LR_bicubic_X2\Roco_scene02_1080p__f00001380.png,data\frames\HR\Roco_scene02_1080p__f00001380.png
test,Roco_scene02_1080p,data\frames\LR_bicubic_X2\Roco_scene02_1080p__f00001410.png,data\frames\HR\Roco_scene02_1080p__f00001410.png
test,Roco_scene02_1080p,data\frames\LR_bicubic_X2\Roco_scene02_1080p__f00001440.png,data\frames\HR\Roco_scene02_1080p__f00001440.png
test,Roco_scene02_1080p,data\frames\LR_bicubic_X2\Roco_scene02_1080p__f00001470.png,data\frames\HR\Roco_scene02_1080p__f00001470.png
test,Roco_scene02_1080p,data\frames\LR_bicubic_X2\Roco_scene02_1080p__f00001500.png,data\frames\HR\Roco_scene02_1080p__f00001500.png
test,Roco_scene02_1080p,data\frames\LR_bicubic_X2\Roco_scene02_1080p__f00001530.png,data\frames\HR\Roco_scene02_1080p__f00001530.png
test,Roco_scene02_1080p,data\frames\LR_bicubic_X2\Roco_scene02_1080p__f00001560.png,data\frames\HR\Roco_scene02_1080p__f00001560.png
test,Roco_scene02_1080p,data\frames\LR_bicubic_X2\Roco_scene02_1080p__f00001590.png,data\frames\HR\Roco_scene02_1080p__f00001590.png
test,Roco_scene02_1080p,data\frames\LR_bicubic_X2\Roco_scene02_1080p__f00001620.png,data\frames\HR\Roco_scene02_1080p__f00001620.png
test,Roco_scene02_1080p,data\frames\LR_bicubic_X2\Roco_scene02_1080p__f00001650.png,data\frames\HR\Roco_scene02_1080p__f00001650.png
test,Roco_scene02_1080p,data\frames\LR_bicubic_X2\Roco_scene02_1080p__f00001680.png,data\frames\HR\Roco_scene02_1080p__f00001680.png
test,Roco_scene02_1080p,data\frames\LR_bicubic_X2\Roco_scene02_1080p__f00001710.png,data\frames\HR\Roco_scene02_1080p__f00001710.png
test,Roco_scene02_1080p,data\frames\LR_bicubic_X2\Roco_scene02_1080p__f00001740.png,data\frames\HR\Roco_scene02_1080p__f00001740.png
test,Roco_scene02_1080p,data\frames\LR_bicubic_X2\Roco_scene02_1080p__f00001770.png,data\frames\HR\Roco_scene02_1080p__f00001770.png
test,Roco_scene02_1080p,data\frames\LR_bicubic_X2\Roco_scene02_1080p__f00001800.png,data\frames\HR\Roco_scene02_1080p__f00001800.png
test,Roco_scene02_1080p,data\frames\LR_bicubic_X2\Roco_scene02_1080p__f00001830.png,data\frames\HR\Roco_scene02_1080p__f00001830.png
test,Roco_scene02_1080p,data\frames\LR_bicubic_X2\Roco_scene02_1080p__f00001860.png,data\frames\HR\Roco_scene02_1080p__f00001860.png
test,Roco_scene02_1080p,data\frames\LR_bicubic_X2\Roco_scene02_1080p__f00001890.png,data\frames\HR\Roco_scene02_1080p__f00001890.png
test,Roco_scene02_1080p,data\frames\LR_bicubic_X2\Roco_scene02_1080p__f00001920.png,data\frames\HR\Roco_scene02_1080p__f00001920.png
test,Roco_scene02_1080p,data\frames\LR_bicubic_X2\Roco_scene02_1080p__f00001950.png,data\frames\HR\Roco_scene02_1080p__f00001950.png
test,Roco_scene02_1080p,data\frames\LR_bicubic_X2\Roco_scene02_1080p__f00001980.png,data\frames\HR\Roco_scene02_1080p__f00001980.png
test,Roco_scene02_1080p,data\frames\LR_bicubic_X2\Roco_scene02_1080p__f00002010.png,data\frames\HR\Roco_scene02_1080p__f00002010.png
test,Roco_scene02_1080p,data\frames\LR_bicubic_X2\Roco_scene02_1080p__f00002040.png,data\frames\HR\Roco_scene02_1080p__f00002040.png
test,Roco_scene02_1080p,data\frames\LR_bicubic_X2\Roco_scene02_1080p__f00002070.png,data\frames\HR\Roco_scene02_1080p__f00002070.png
test,Roco_scene02_1080p,data\frames\LR_bicubic_X2\Roco_scene02_1080p__f00002100.png,data\frames\HR\Roco_scene02_1080p__f00002100.png
test,Roco_scene02_1080p,data\frames\LR_bicubic_X2\Roco_scene02_1080p__f00002130.png,data\frames\HR\Roco_scene02_1080p__f00002130.png
test,Roco_scene02_1080p,data\frames\LR_bicubic_X2\Roco_scene02_1080p__f00002160.png,data\frames\HR\Roco_scene02_1080p__f00002160.png
test,Roco_scene02_1080p,data\frames\LR_bicubic_X2\Roco_scene02_1080p__f00002190.png,data\frames\HR\Roco_scene02_1080p__f00002190.png
test,Roco_scene02_1080p,data\frames\LR_bicubic_X2\Roco_scene02_1080p__f00002220.png,data\frames\HR\Roco_scene02_1080p__f00002220.png
test,Roco_scene02_1080p,data\frames\LR_bicubic_X2\Roco_scene02_1080p__f00002250.png,data\frames\HR\Roco_scene02_1080p__f00002250.png
test,Roco_scene02_1080p,data\frames\LR_bicubic_X2\Roco_scene02_1080p__f00002280.png,data\frames\HR\Roco_scene02_1080p__f00002280.png
test,Roco_scene02_1080p,data\frames\LR_bicubic_X2\Roco_scene02_1080p__f00002310.png,data\frames\HR\Roco_scene02_1080p__f00002310.png
test,Roco_scene02_1080p,data\frames\LR_bicubic_X2\Roco_scene02_1080p__f00002340.png,data\frames\HR\Roco_scene02_1080p__f00002340.png
test,Roco_scene02_1080p,data\frames\LR_bicubic_X2\Roco_scene02_1080p__f00002370.png,data\frames\HR\Roco_scene02_1080p__f00002370.png
test,Roco_scene02_1080p,data\frames\LR_bicubic_X2\Roco_scene02_1080p__f00002400.png,data\frames\HR\Roco_scene02_1080p__f00002400.png
test,Roco_scene02_1080p,data\frames\LR_bicubic_X2\Roco_scene02_1080p__f00002430.png,data\frames\HR\Roco_scene02_1080p__f00002430.png
test,Roco_scene02_1080p,data\frames\LR_bicubic_X2\Roco_scene02_1080p__f00002460.png,data\frames\HR\Roco_scene02_1080p__f00002460.png
test,Roco_scene02_1080p,data\frames\LR_bicubic_X2\Roco_scene02_1080p__f00002490.png,data\frames\HR\Roco_scene02_1080p__f00002490.png
test,Roco_scene02_1080p,data\frames\LR_bicubic_X2\Roco_scene02_1080p__f00002520.png,data\frames\HR\Roco_scene02_1080p__f00002520.png
test,Roco_scene02_1080p,data\frames\LR_bicubic_X2\Roco_scene02_1080p__f00002550.png,data\frames\HR\Roco_scene02_1080p__f00002550.png
test,Roco_scene02_1080p,data\frames\LR_bicubic_X2\Roco_scene02_1080p__f00002580.png,data\frames\HR\Roco_scene02_1080p__f00002580.png
test,Roco_scene02_1080p,data\frames\LR_bicubic_X2\Roco_scene02_1080p__f00002610.png,data\frames\HR\Roco_scene02_1080p__f00002610.png
test,Roco_scene02_1080p,data\frames\LR_bicubic_X2\Roco_scene02_1080p__f00002640.png,data\frames\HR\Roco_scene02_1080p__f00002640.png
test,Roco_scene02_1080p,data\frames\LR_bicubic_X2\Roco_scene02_1080p__f00002670.png,data\frames\HR\Roco_scene02_1080p__f00002670.png
test,Roco_scene02_1080p,data\frames\LR_bicubic_X2\Roco_scene02_1080p__f00002700.png,data\frames\HR\Roco_scene02_1080p__f00002700.png
test,Roco_scene02_1080p,data\frames\LR_bicubic_X2\Roco_scene02_1080p__f00002730.png,data\frames\HR\Roco_scene02_1080p__f00002730.png
test,Roco_scene02_1080p,data\frames\LR_bicubic_X2\Roco_scene02_1080p__f00002760.png,data\frames\HR\Roco_scene02_1080p__f00002760.png
test,Roco_scene02_1080p,data\frames\LR_bicubic_X2\Roco_scene02_1080p__f00002790.png,data\frames\HR\Roco_scene02_1080p__f00002790.png
test,Roco_scene02_1080p,data\frames\LR_bicubic_X2\Roco_scene02_1080p__f00002820.png,data\frames\HR\Roco_scene02_1080p__f00002820.png
test,Roco_scene02_1080p,data\frames\LR_bicubic_X2\Roco_scene02_1080p__f00002850.png,data\frames\HR\Roco_scene02_1080p__f00002850.png
test,Roco_scene02_1080p,data\frames\LR_bicubic_X2\Roco_scene02_1080p__f00002880.png,data\frames\HR\Roco_scene02_1080p__f00002880.png
test,Roco_scene02_1080p,data\frames\LR_bicubic_X2\Roco_scene02_1080p__f00002910.png,data\frames\HR\Roco_scene02_1080p__f00002910.png
test,Roco_scene02_1080p,data\frames\LR_bicubic_X2\Roco_scene02_1080p__f00002940.png,data\frames\HR\Roco_scene02_1080p__f00002940.png
test,Roco_scene02_1080p,data\frames\LR_bicubic_X2\Roco_scene02_1080p__f00002970.png,data\frames\HR\Roco_scene02_1080p__f00002970.png
test,Roco_scene02_1080p,data\frames\LR_bicubic_X2\Roco_scene02_1080p__f00003000.png,data\frames\HR\Roco_scene02_1080p__f00003000.png
test,Roco_scene02_1080p,data\frames\LR_bicubic_X2\Roco_scene02_1080p__f00003030.png,data\frames\HR\Roco_scene02_1080p__f00003030.png
test,Roco_scene02_1080p,data\frames\LR_bicubic_X2\Roco_scene02_1080p__f00003060.png,data\frames\HR\Roco_scene02_1080p__f00003060.png
test,Roco_scene02_1080p,data\frames\LR_bicubic_X2\Roco_scene02_1080p__f00003090.png,data\frames\HR\Roco_scene02_1080p__f00003090.png
test,Roco_scene02_1080p,data\frames\LR_bicubic_X2\Roco_scene02_1080p__f00003120.png,data\frames\HR\Roco_scene02_1080p__f00003120.png
test,Roco_scene02_1080p,data\frames\LR_bicubic_X2\Roco_scene02_1080p__f00003150.png,data\frames\HR\Roco_scene02_1080p__f00003150.png
test,Roco_scene02_1080p,data\frames\LR_bicubic_X2\Roco_scene02_1080p__f00003180.png,data\frames\HR\Roco_scene02_1080p__f00003180.png
test,Roco_scene02_1080p,data\frames\LR_bicubic_X2\Roco_scene02_1080p__f00003210.png,data\frames\HR\Roco_scene02_1080p__f00003210.png
test,Roco_scene02_1080p,data\frames\LR_bicubic_X2\Roco_scene02_1080p__f00003240.png,data\frames\HR\Roco_scene02_1080p__f00003240.png
test,Roco_scene02_1080p,data\frames\LR_bicubic_X2\Roco_scene02_1080p__f00003270.png,data\frames\HR\Roco_scene02_1080p__f00003270.png
test,Roco_scene02_1080p,data\frames\LR_bicubic_X2\Roco_scene02_1080p__f00003300.png,data\frames\HR\Roco_scene02_1080p__f00003300.png
test,Roco_scene02_1080p,data\frames\LR_bicubic_X2\Roco_scene02_1080p__f00003330.png,data\frames\HR\Roco_scene02_1080p__f00003330.png
test,Roco_scene02_1080p,data\frames\LR_bicubic_X2\Roco_scene02_1080p__f00003360.png,data\frames\HR\Roco_scene02_1080p__f00003360.png
test,Roco_scene02_1080p,data\frames\LR_bicubic_X2\Roco_scene02_1080p__f00003390.png,data\frames\HR\Roco_scene02_1080p__f00003390.png
test,Roco_scene02_1080p,data\frames\LR_bicubic_X2\Roco_scene02_1080p__f00003420.png,data\frames\HR\Roco_scene02_1080p__f00003420.png
test,Roco_scene02_1080p,data\frames\LR_bicubic_X2\Roco_scene02_1080p__f00003450.png,data\frames\HR\Roco_scene02_1080p__f00003450.png
test,Roco_scene02_1080p,data\frames\LR_bicubic_X2\Roco_scene02_1080p__f00003480.png,data\frames\HR\Roco_scene02_1080p__f00003480.png
test,Roco_scene02_1080p,data\frames\LR_bicubic_X2\Roco_scene02_1080p__f00003510.png,data\frames\HR\Roco_scene02_1080p__f00003510.png
test,Roco_scene02_1080p,data\frames\LR_bicubic_X2\Roco_scene02_1080p__f00003540.png,data\frames\HR\Roco_scene02_1080p__f00003540.png
test,Roco_scene02_1080p,data\frames\LR_bicubic_X2\Roco_scene02_1080p__f00003570.png,data\frames\HR\Roco_scene02_1080p__f00003570.png
test,Roco_scene02_1080p,data\frames\LR_bicubic_X2\Roco_scene02_1080p__f00003600.png,data\frames\HR\Roco_scene02_1080p__f00003600.png
test,Roco_scene02_1080p,data\frames\LR_bicubic_X2\Roco_scene02_1080p__f00003630.png,data\frames\HR\Roco_scene02_1080p__f00003630.png
test,Roco_scene02_1080p,data\frames\LR_bicubic_X2\Roco_scene02_1080p__f00003660.png,data\frames\HR\Roco_scene02_1080p__f00003660.png
test,Roco_scene02_1080p,data\frames\LR_bicubic_X2\Roco_scene02_1080p__f00003690.png,data\frames\HR\Roco_scene02_1080p__f00003690.png
test,Roco_scene02_1080p,data\frames\LR_bicubic_X2\Roco_scene02_1080p__f00003720.png,data\frames\HR\Roco_scene02_1080p__f00003720.png
test,Roco_scene02_1080p,data\frames\LR_bicubic_X2\Roco_scene02_1080p__f00003750.png,data\frames\HR\Roco_scene02_1080p__f00003750.png
test,Roco_scene02_1080p,data\frames\LR_bicubic_X2\Roco_scene02_1080p__f00003780.png,data\frames\HR\Roco_scene02_1080p__f00003780.png
test,Roco_scene02_1080p,data\frames\LR_bicubic_X2\Roco_scene02_1080p__f00003810.png,data\frames\HR\Roco_scene02_1080p__f00003810.png
test,Roco_scene02_1080p,data\frames\LR_bicubic_X2\Roco_scene02_1080p__f00003840.png,data\frames\HR\Roco_scene02_1080p__f00003840.png
test,Roco_scene02_1080p,data\frames\LR_bicubic_X2\Roco_scene02_1080p__f00003870.png,data\frames\HR\Roco_scene02_1080p__f00003870.png
test,Roco_scene02_1080p,data\frames\LR_bicubic_X2\Roco_scene02_1080p__f00003900.png,data\frames\HR\Roco_scene02_1080p__f00003900.png
test,Roco_scene02_1080p,data\frames\LR_bicubic_X2\Roco_scene02_1080p__f00003930.png,data\frames\HR\Roco_scene02_1080p__f00003930.png
test,Roco_scene02_1080p,data\frames\LR_bicubic_X2\Roco_scene02_1080p__f00003960.png,data\frames\HR\Roco_scene02_1080p__f00003960.png
test,Roco_scene02_1080p,data\frames\LR_bicubic_X2\Roco_scene02_1080p__f00003990.png,data\frames\HR\Roco_scene02_1080p__f00003990.png
test,Roco_scene02_1080p,data\frames\LR_bicubic_X2\Roco_scene02_1080p__f00004020.png,data\frames\HR\Roco_scene02_1080p__f00004020.png
test,Roco_scene02_1080p,data\frames\LR_bicubic_X2\Roco_scene02_1080p__f00004050.png,data\frames\HR\Roco_scene02_1080p__f00004050.png
test,Roco_scene02_1080p,data\frames\LR_bicubic_X2\Roco_scene02_1080p__f00004080.png,data\frames\HR\Roco_scene02_1080p__f00004080.png
test,Roco_scene02_1080p,data\frames\LR_bicubic_X2\Roco_scene02_1080p__f00004110.png,data\frames\HR\Roco_scene02_1080p__f00004110.png
test,Roco_scene02_1080p,data\frames\LR_bicubic_X2\Roco_scene02_1080p__f00004140.png,data\frames\HR\Roco_scene02_1080p__f00004140.png
test,Roco_scene02_1080p,data\frames\LR_bicubic_X2\Roco_scene02_1080p__f00004170.png,data\frames\HR\Roco_scene02_1080p__f00004170.png
test,Roco_scene02_1080p,data\frames\LR_bicubic_X2\Roco_scene02_1080p__f00004200.png,data\frames\HR\Roco_scene02_1080p__f00004200.png
test,Roco_scene02_1080p,data\frames\LR_bicubic_X2\Roco_scene02_1080p__f00004230.png,data\frames\HR\Roco_scene02_1080p__f00004230.png
test,Roco_scene02_1080p,data\frames\LR_bicubic_X2\Roco_scene02_1080p__f00004260.png,data\frames\HR\Roco_scene02_1080p__f00004260.png
test,Roco_scene02_1080p,data\frames\LR_bicubic_X2\Roco_scene02_1080p__f00004290.png,data\frames\HR\Roco_scene02_1080p__f00004290.png
test,Roco_scene02_1080p,data\frames\LR_bicubic_X2\Roco_scene02_1080p__f00004320.png,data\frames\HR\Roco_scene02_1080p__f00004320.png
test,Roco_scene02_1080p,data\frames\LR_bicubic_X2\Roco_scene02_1080p__f00004350.png,data\frames\HR\Roco_scene02_1080p__f00004350.png
test,Roco_scene02_1080p,data\frames\LR_bicubic_X2\Roco_scene02_1080p__f00004380.png,data\frames\HR\Roco_scene02_1080p__f00004380.png
test,Roco_scene02_1080p,data\frames\LR_bicubic_X2\Roco_scene02_1080p__f00004410.png,data\frames\HR\Roco_scene02_1080p__f00004410.png
test,Roco_scene02_1080p,data\frames\LR_bicubic_X2\Roco_scene02_1080p__f00004440.png,data\frames\HR\Roco_scene02_1080p__f00004440.png
test,Roco_scene02_1080p,data\frames\LR_bicubic_X2\Roco_scene02_1080p__f00004470.png,data\frames\HR\Roco_scene02_1080p__f00004470.png
test,Roco_scene02_1080p,data\frames\LR_bicubic_X2\Roco_scene02_1080p__f00004500.png,data\frames\HR\Roco_scene02_1080p__f00004500.png
test,Roco_scene02_1080p,data\frames\LR_bicubic_X2\Roco_scene02_1080p__f00004530.png,data\frames\HR\Roco_scene02_1080p__f00004530.png
test,Roco_scene02_1080p,data\frames\LR_bicubic_X2\Roco_scene02_1080p__f00004560.png,data\frames\HR\Roco_scene02_1080p__f00004560.png
test,Roco_scene02_1080p,data\frames\LR_bicubic_X2\Roco_scene02_1080p__f00004590.png,data\frames\HR\Roco_scene02_1080p__f00004590.png
test,Roco_scene02_1080p,data\frames\LR_bicubic_X2\Roco_scene02_1080p__f00004620.png,data\frames\HR\Roco_scene02_1080p__f00004620.png
test,Roco_scene02_1080p,data\frames\LR_bicubic_X2\Roco_scene02_1080p__f00004650.png,data\frames\HR\Roco_scene02_1080p__f00004650.png
test,Roco_scene02_1080p,data\frames\LR_bicubic_X2\Roco_scene02_1080p__f00004680.png,data\frames\HR\Roco_scene02_1080p__f00004680.png
test,Roco_scene02_1080p,data\frames\LR_bicubic_X2\Roco_scene02_1080p__f00004710.png,data\frames\HR\Roco_scene02_1080p__f00004710.png
test,Roco_scene02_1080p,data\frames\LR_bicubic_X2\Roco_scene02_1080p__f00004740.png,data\frames\HR\Roco_scene02_1080p__f00004740.png
test,Roco_scene02_1080p,data\frames\LR_bicubic_X2\Roco_scene02_1080p__f00004770.png,data\frames\HR\Roco_scene02_1080p__f00004770.png
test,Roco_scene02_1080p,data\frames\LR_bicubic_X2\Roco_scene02_1080p__f00004800.png,data\frames\HR\Roco_scene02_1080p__f00004800.png
test,Roco_scene02_1080p,data\frames\LR_bicubic_X2\Roco_scene02_1080p__f00004830.png,data\frames\HR\Roco_scene02_1080p__f00004830.png
test,Roco_scene02_1080p,data\frames\LR_bicubic_X2\Roco_scene02_1080p__f00004860.png,data\frames\HR\Roco_scene02_1080p__f00004860.png
test,Roco_scene02_1080p,data\frames\LR_bicubic_X2\Roco_scene02_1080p__f00004890.png,data\frames\HR\Roco_scene02_1080p__f00004890.png
test,Roco_scene02_1080p,data\frames\LR_bicubic_X2\Roco_scene02_1080p__f00004920.png,data\frames\HR\Roco_scene02_1080p__f00004920.png
test,Roco_scene02_1080p,data\frames\LR_bicubic_X2\Roco_scene02_1080p__f00004950.png,data\frames\HR\Roco_scene02_1080p__f00004950.png
test,Roco_scene02_1080p,data\frames\LR_bicubic_X2\Roco_scene02_1080p__f00004980.png,data\frames\HR\Roco_scene02_1080p__f00004980.png
test,Roco_scene02_1080p,data\frames\LR_bicubic_X2\Roco_scene02_1080p__f00005010.png,data\frames\HR\Roco_scene02_1080p__f00005010.png
test,Roco_scene02_1080p,data\frames\LR_bicubic_X2\Roco_scene02_1080p__f00005040.png,data\frames\HR\Roco_scene02_1080p__f00005040.png
test,Roco_scene02_1080p,data\frames\LR_bicubic_X2\Roco_scene02_1080p__f00005070.png,data\frames\HR\Roco_scene02_1080p__f00005070.png
test,Roco_scene02_1080p,data\frames\LR_bicubic_X2\Roco_scene02_1080p__f00005100.png,data\frames\HR\Roco_scene02_1080p__f00005100.png
test,Roco_scene02_1080p,data\frames\LR_bicubic_X2\Roco_scene02_1080p__f00005130.png,data\frames\HR\Roco_scene02_1080p__f00005130.png
test,Roco_scene02_1080p,data\frames\LR_bicubic_X2\Roco_scene02_1080p__f00005160.png,data\frames\HR\Roco_scene02_1080p__f00005160.png
test,Roco_scene02_1080p,data\frames\LR_bicubic_X2\Roco_scene02_1080p__f00005190.png,data\frames\HR\Roco_scene02_1080p__f00005190.png
test,Roco_scene02_1080p,data\frames\LR_bicubic_X2\Roco_scene02_1080p__f00005220.png,data\frames\HR\Roco_scene02_1080p__f00005220.png
test,Roco_scene02_1080p,data\frames\LR_bicubic_X2\Roco_scene02_1080p__f00005250.png,data\frames\HR\Roco_scene02_1080p__f00005250.png
test,Roco_scene02_1080p,data\frames\LR_bicubic_X2\Roco_scene02_1080p__f00005280.png,data\frames\HR\Roco_scene02_1080p__f00005280.png
test,Roco_scene02_1080p,data\frames\LR_bicubic_X2\Roco_scene02_1080p__f00005310.png,data\frames\HR\Roco_scene02_1080p__f00005310.png
test,Roco_scene02_1080p,data\frames\LR_bicubic_X2\Roco_scene02_1080p__f00005340.png,data\frames\HR\Roco_scene02_1080p__f00005340.png
test,Roco_scene02_1080p,data\frames\LR_bicubic_X2\Roco_scene02_1080p__f00005370.png,data\frames\HR\Roco_scene02_1080p__f00005370.png
test,Roco_scene02_1080p,data\frames\LR_bicubic_X2\Roco_scene02_1080p__f00005400.png,data\frames\HR\Roco_scene02_1080p__f00005400.png
test,Roco_scene02_1080p,data\frames\LR_bicubic_X2\Roco_scene02_1080p__f00005430.png,data\frames\HR\Roco_scene02_1080p__f00005430.png
test,Roco_scene02_1080p,data\frames\LR_bicubic_X2\Roco_scene02_1080p__f00005460.png,data\frames\HR\Roco_scene02_1080p__f00005460.png
test,Roco_scene02_1080p,data\frames\LR_bicubic_X2\Roco_scene02_1080p__f00005490.png,data\frames\HR\Roco_scene02_1080p__f00005490.png
test,Roco_scene02_1080p,data\frames\LR_bicubic_X2\Roco_scene02_1080p__f00005520.png,data\frames\HR\Roco_scene02_1080p__f00005520.png
test,Roco_scene02_1080p,data\frames\LR_bicubic_X2\Roco_scene02_1080p__f00005550.png,data\frames\HR\Roco_scene02_1080p__f00005550.png
test,Roco_scene02_1080p,data\frames\LR_bicubic_X2\Roco_scene02_1080p__f00005580.png,data\frames\HR\Roco_scene02_1080p__f00005580.png
test,Roco_scene02_1080p,data\frames\LR_bicubic_X2\Roco_scene02_1080p__f00005610.png,data\frames\HR\Roco_scene02_1080p__f00005610.png
test,Roco_scene02_1080p,data\frames\LR_bicubic_X2\Roco_scene02_1080p__f00005640.png,data\frames\HR\Roco_scene02_1080p__f00005640.png
test,Roco_scene02_1080p,data\frames\LR_bicubic_X2\Roco_scene02_1080p__f00005670.png,data\frames\HR\Roco_scene02_1080p__f00005670.png
test,Roco_scene02_1080p,data\frames\LR_bicubic_X2\Roco_scene02_1080p__f00005700.png,data\frames\HR\Roco_scene02_1080p__f00005700.png
test,Roco_scene02_1080p,data\frames\LR_bicubic_X2\Roco_scene02_1080p__f00005730.png,data\frames\HR\Roco_scene02_1080p__f00005730.png
test,Roco_scene02_1080p,data\frames\LR_bicubic_X2\Roco_scene02_1080p__f00005760.png,data\frames\HR\Roco_scene02_1080p__f00005760.png
test,Roco_scene02_1080p,data\frames\LR_bicubic_X2\Roco_scene02_1080p__f00005790.png,data\frames\HR\Roco_scene02_1080p__f00005790.png
test,Roco_scene02_1080p,data\frames\LR_bicubic_X2\Roco_scene02_1080p__f00005820.png,data\frames\HR\Roco_scene02_1080p__f00005820.png
test,Roco_scene02_1080p,data\frames\LR_bicubic_X2\Roco_scene02_1080p__f00005850.png,data\frames\HR\Roco_scene02_1080p__f00005850.png
test,Roco_scene02_1080p,data\frames\LR_bicubic_X2\Roco_scene02_1080p__f00005880.png,data\frames\HR\Roco_scene02_1080p__f00005880.png
test,Roco_scene02_1080p,data\frames\LR_bicubic_X2\Roco_scene02_1080p__f00005910.png,data\frames\HR\Roco_scene02_1080p__f00005910.png
test,Roco_scene02_1080p,data\frames\LR_bicubic_X2\Roco_scene02_1080p__f00005940.png,data\frames\HR\Roco_scene02_1080p__f00005940.png
test,Roco_scene02_1080p,data\frames\LR_bicubic_X2\Roco_scene02_1080p__f00005970.png,data\frames\HR\Roco_scene02_1080p__f00005970.png
test,Roco_scene02_1080p,data\frames\LR_bicubic_X2\Roco_scene02_1080p__f00006000.png,data\frames\HR\Roco_scene02_1080p__f00006000.png
test,Roco_scene02_1080p,data\frames\LR_bicubic_X2\Roco_scene02_1080p__f00006030.png,data\frames\HR\Roco_scene02_1080p__f00006030.png
test,Roco_scene02_1080p,data\frames\LR_bicubic_X2\Roco_scene02_1080p__f00006060.png,data\frames\HR\Roco_scene02_1080p__f00006060.png
test,Roco_scene02_1080p,data\frames\LR_bicubic_X2\Roco_scene02_1080p__f00006090.png,data\frames\HR\Roco_scene02_1080p__f00006090.png
test,Roco_scene02_1080p,data\frames\LR_bicubic_X2\Roco_scene02_1080p__f00006120.png,data\frames\HR\Roco_scene02_1080p__f00006120.png
test,Roco_scene02_1080p,data\frames\LR_bicubic_X2\Roco_scene02_1080p__f00006150.png,data\frames\HR\Roco_scene02_1080p__f00006150.png
test,Roco_scene02_1080p,data\frames\LR_bicubic_X2\Roco_scene02_1080p__f00006180.png,data\frames\HR\Roco_scene02_1080p__f00006180.png
test,Roco_scene02_1080p,data\frames\LR_bicubic_X2\Roco_scene02_1080p__f00006210.png,data\frames\HR\Roco_scene02_1080p__f00006210.png
test,Roco_scene02_1080p,data\frames\LR_bicubic_X2\Roco_scene02_1080p__f00006240.png,data\frames\HR\Roco_scene02_1080p__f00006240.png
test,Roco_scene02_1080p,data\frames\LR_bicubic_X2\Roco_scene02_1080p__f00006270.png,data\frames\HR\Roco_scene02_1080p__f00006270.png
test,Roco_scene02_1080p,data\frames\LR_bicubic_X2\Roco_scene02_1080p__f00006300.png,data\frames\HR\Roco_scene02_1080p__f00006300.png
test,Roco_scene02_1080p,data\frames\LR_bicubic_X2\Roco_scene02_1080p__f00006330.png,data\frames\HR\Roco_scene02_1080p__f00006330.png
test,Roco_scene02_1080p,data\frames\LR_bicubic_X2\Roco_scene02_1080p__f00006360.png,data\frames\HR\Roco_scene02_1080p__f00006360.png
test,Roco_scene02_1080p,data\frames\LR_bicubic_X2\Roco_scene02_1080p__f00006390.png,data\frames\HR\Roco_scene02_1080p__f00006390.png
test,Roco_scene02_1080p,data\frames\LR_bicubic_X2\Roco_scene02_1080p__f00006420.png,data\frames\HR\Roco_scene02_1080p__f00006420.png
test,Roco_scene02_1080p,data\frames\LR_bicubic_X2\Roco_scene02_1080p__f00006450.png,data\frames\HR\Roco_scene02_1080p__f00006450.png
test,Roco_scene02_1080p,data\frames\LR_bicubic_X2\Roco_scene02_1080p__f00006480.png,data\frames\HR\Roco_scene02_1080p__f00006480.png
test,Roco_scene02_1080p,data\frames\LR_bicubic_X2\Roco_scene02_1080p__f00006510.png,data\frames\HR\Roco_scene02_1080p__f00006510.png
test,Roco_scene02_1080p,data\frames\LR_bicubic_X2\Roco_scene02_1080p__f00006540.png,data\frames\HR\Roco_scene02_1080p__f00006540.png
test,Roco_scene02_1080p,data\frames\LR_bicubic_X2\Roco_scene02_1080p__f00006570.png,data\frames\HR\Roco_scene02_1080p__f00006570.png
test,Roco_scene02_1080p,data\frames\LR_bicubic_X2\Roco_scene02_1080p__f00006600.png,data\frames\HR\Roco_scene02_1080p__f00006600.png
test,Roco_scene02_1080p,data\frames\LR_bicubic_X2\Roco_scene02_1080p__f00006630.png,data\frames\HR\Roco_scene02_1080p__f00006630.png
test,Roco_scene02_1080p,data\frames\LR_bicubic_X2\Roco_scene02_1080p__f00006660.png,data\frames\HR\Roco_scene02_1080p__f00006660.png
test,Roco_scene02_1080p,data\frames\LR_bicubic_X2\Roco_scene02_1080p__f00006690.png,data\frames\HR\Roco_scene02_1080p__f00006690.png
test,Roco_scene02_1080p,data\frames\LR_bicubic_X2\Roco_scene02_1080p__f00006720.png,data\frames\HR\Roco_scene02_1080p__f00006720.png
test,Roco_scene02_1080p,data\frames\LR_bicubic_X2\Roco_scene02_1080p__f00006750.png,data\frames\HR\Roco_scene02_1080p__f00006750.png
test,Roco_scene02_1080p,data\frames\LR_bicubic_X2\Roco_scene02_1080p__f00006780.png,data\frames\HR\Roco_scene02_1080p__f00006780.png
test,Roco_scene02_1080p,data\frames\LR_bicubic_X2\Roco_scene02_1080p__f00006810.png,data\frames\HR\Roco_scene02_1080p__f00006810.png
test,Roco_scene02_1080p,data\frames\LR_bicubic_X2\Roco_scene02_1080p__f00006840.png,data\frames\HR\Roco_scene02_1080p__f00006840.png
test,Roco_scene02_1080p,data\frames\LR_bicubic_X2\Roco_scene02_1080p__f00006870.png,data\frames\HR\Roco_scene02_1080p__f00006870.png
test,Roco_scene02_1080p,data\frames\LR_bicubic_X2\Roco_scene02_1080p__f00006900.png,data\frames\HR\Roco_scene02_1080p__f00006900.png
test,Roco_scene02_1080p,data\frames\LR_bicubic_X2\Roco_scene02_1080p__f00006930.png,data\frames\HR\Roco_scene02_1080p__f00006930.png
test,Roco_scene02_1080p,data\frames\LR_bicubic_X2\Roco_scene02_1080p__f00006960.png,data\frames\HR\Roco_scene02_1080p__f00006960.png
test,Roco_scene02_1080p,data\frames\LR_bicubic_X2\Roco_scene02_1080p__f00006990.png,data\frames\HR\Roco_scene02_1080p__f00006990.png
test,Roco_scene02_1080p,data\frames\LR_bicubic_X2\Roco_scene02_1080p__f00007020.png,data\frames\HR\Roco_scene02_1080p__f00007020.png
test,Roco_scene02_1080p,data\frames\LR_bicubic_X2\Roco_scene02_1080p__f00007050.png,data\frames\HR\Roco_scene02_1080p__f00007050.png
test,Roco_scene02_1080p,data\frames\LR_bicubic_X2\Roco_scene02_1080p__f00007080.png,data\frames\HR\Roco_scene02_1080p__f00007080.png
test,Roco_scene02_1080p,data\frames\LR_bicubic_X2\Roco_scene02_1080p__f00007110.png,data\frames\HR\Roco_scene02_1080p__f00007110.png
test,Roco_scene02_1080p,data\frames\LR_bicubic_X2\Roco_scene02_1080p__f00007140.png,data\frames\HR\Roco_scene02_1080p__f00007140.png
test,Roco_scene02_1080p,data\frames\LR_bicubic_X2\Roco_scene02_1080p__f00007170.png,data\frames\HR\Roco_scene02_1080p__f00007170.png
test,Roco_scene02_1080p,data\frames\LR_bicubic_X2\Roco_scene02_1080p__f00007200.png,data\frames\HR\Roco_scene02_1080p__f00007200.png
test,Roco_scene02_1080p,data\frames\LR_bicubic_X2\Roco_scene02_1080p__f00007230.png,data\frames\HR\Roco_scene02_1080p__f00007230.png
test,Roco_scene02_1080p,data\frames\LR_bicubic_X2\Roco_scene02_1080p__f00007260.png,data\frames\HR\Roco_scene02_1080p__f00007260.png
test,Roco_scene02_1080p,data\frames\LR_bicubic_X2\Roco_scene02_1080p__f00007290.png,data\frames\HR\Roco_scene02_1080p__f00007290.png
test,Roco_scene02_1080p,data\frames\LR_bicubic_X2\Roco_scene02_1080p__f00007320.png,data\frames\HR\Roco_scene02_1080p__f00007320.png
test,Roco_scene02_1080p,data\frames\LR_bicubic_X2\Roco_scene02_1080p__f00007350.png,data\frames\HR\Roco_scene02_1080p__f00007350.png
test,Roco_scene02_1080p,data\frames\LR_bicubic_X2\Roco_scene02_1080p__f00007380.png,data\frames\HR\Roco_scene02_1080p__f00007380.png
test,Roco_scene02_1080p,data\frames\LR_bicubic_X2\Roco_scene02_1080p__f00007410.png,data\frames\HR\Roco_scene02_1080p__f00007410.png
test,Roco_scene02_1080p,data\frames\LR_bicubic_X2\Roco_scene02_1080p__f00007440.png,data\frames\HR\Roco_scene02_1080p__f00007440.png
test,Roco_scene02_1080p,data\frames\LR_bicubic_X2\Roco_scene02_1080p__f00007470.png,data\frames\HR\Roco_scene02_1080p__f00007470.png
test,Roco_scene02_1080p,data\frames\LR_bicubic_X2\Roco_scene02_1080p__f00007500.png,data\frames\HR\Roco_scene02_1080p__f00007500.png
test,Roco_scene02_1080p,data\frames\LR_bicubic_X2\Roco_scene02_1080p__f00007530.png,data\frames\HR\Roco_scene02_1080p__f00007530.png
test,Roco_scene02_1080p,data\frames\LR_bicubic_X2\Roco_scene02_1080p__f00007560.png,data\frames\HR\Roco_scene02_1080p__f00007560.png
test,Roco_scene02_1080p,data\frames\LR_bicubic_X2\Roco_scene02_1080p__f00007590.png,data\frames\HR\Roco_scene02_1080p__f00007590.png
test,Roco_scene02_1080p,data\frames\LR_bicubic_X2\Roco_scene02_1080p__f00007620.png,data\frames\HR\Roco_scene02_1080p__f00007620.png
test,Roco_scene02_1080p,data\frames\LR_bicubic_X2\Roco_scene02_1080p__f00007650.png,data\frames\HR\Roco_scene02_1080p__f00007650.png
test,Roco_scene02_1080p,data\frames\LR_bicubic_X2\Roco_scene02_1080p__f00007680.png,data\frames\HR\Roco_scene02_1080p__f00007680.png
test,Roco_scene02_1080p,data\frames\LR_bicubic_X2\Roco_scene02_1080p__f00007710.png,data\frames\HR\Roco_scene02_1080p__f00007710.png
test,Roco_scene02_1080p,data\frames\LR_bicubic_X2\Roco_scene02_1080p__f00007740.png,data\frames\HR\Roco_scene02_1080p__f00007740.png
test,Roco_scene02_1080p,data\frames\LR_bicubic_X2\Roco_scene02_1080p__f00007770.png,data\frames\HR\Roco_scene02_1080p__f00007770.png
test,Roco_scene02_1080p,data\frames\LR_bicubic_X2\Roco_scene02_1080p__f00007800.png,data\frames\HR\Roco_scene02_1080p__f00007800.png
test,Roco_scene02_1080p,data\frames\LR_bicubic_X2\Roco_scene02_1080p__f00007830.png,data\frames\HR\Roco_scene02_1080p__f00007830.png
test,Roco_scene02_1080p,data\frames\LR_bicubic_X2\Roco_scene02_1080p__f00007860.png,data\frames\HR\Roco_scene02_1080p__f00007860.png
test,Roco_scene02_1080p,data\frames\LR_bicubic_X2\Roco_scene02_1080p__f00007890.png,data\frames\HR\Roco_scene02_1080p__f00007890.png
test,Roco_scene02_1080p,data\frames\LR_bicubic_X2\Roco_scene02_1080p__f00007920.png,data\frames\HR\Roco_scene02_1080p__f00007920.png
test,Roco_scene02_1080p,data\frames\LR_bicubic_X2\Roco_scene02_1080p__f00007950.png,data\frames\HR\Roco_scene02_1080p__f00007950.png
test,Roco_scene02_1080p,data\frames\LR_bicubic_X2\Roco_scene02_1080p__f00007980.png,data\frames\HR\Roco_scene02_1080p__f00007980.png
test,Roco_scene02_1080p,data\frames\LR_bicubic_X2\Roco_scene02_1080p__f00008010.png,data\frames\HR\Roco_scene02_1080p__f00008010.png
test,Roco_scene02_1080p,data\frames\LR_bicubic_X2\Roco_scene02_1080p__f00008040.png,data\frames\HR\Roco_scene02_1080p__f00008040.png
test,Roco_scene02_1080p,data\frames\LR_bicubic_X2\Roco_scene02_1080p__f00008070.png,data\frames\HR\Roco_scene02_1080p__f00008070.png
test,Roco_scene02_1080p,data\frames\LR_bicubic_X2\Roco_scene02_1080p__f00008100.png,data\frames\HR\Roco_scene02_1080p__f00008100.png
test,Roco_scene02_1080p,data\frames\LR_bicubic_X2\Roco_scene02_1080p__f00008130.png,data\frames\HR\Roco_scene02_1080p__f00008130.png
test,Roco_scene02_1080p,data\frames\LR_bicubic_X2\Roco_scene02_1080p__f00008160.png,data\frames\HR\Roco_scene02_1080p__f00008160.png
test,Roco_scene02_1080p,data\frames\LR_bicubic_X2\Roco_scene02_1080p__f00008190.png,data\frames\HR\Roco_scene02_1080p__f00008190.png
test,Roco_scene02_1080p,data\frames\LR_bicubic_X2\Roco_scene02_1080p__f00008220.png,data\frames\HR\Roco_scene02_1080p__f00008220.png
test,Roco_scene02_1080p,data\frames\LR_bicubic_X2\Roco_scene02_1080p__f00008250.png,data\frames\HR\Roco_scene02_1080p__f00008250.png
test,Roco_scene02_1080p,data\frames\LR_bicubic_X2\Roco_scene02_1080p__f00008280.png,data\frames\HR\Roco_scene02_1080p__f00008280.png
test,Roco_scene02_1080p,data\frames\LR_bicubic_X2\Roco_scene02_1080p__f00008310.png,data\frames\HR\Roco_scene02_1080p__f00008310.png
test,Roco_scene02_1080p,data\frames\LR_bicubic_X2\Roco_scene02_1080p__f00008340.png,data\frames\HR\Roco_scene02_1080p__f00008340.png
test,Roco_scene02_1080p,data\frames\LR_bicubic_X2\Roco_scene02_1080p__f00008370.png,data\frames\HR\Roco_scene02_1080p__f00008370.png
test,Roco_scene02_1080p,data\frames\LR_bicubic_X2\Roco_scene02_1080p__f00008400.png,data\frames\HR\Roco_scene02_1080p__f00008400.png
test,Roco_scene02_1080p,data\frames\LR_bicubic_X2\Roco_scene02_1080p__f00008430.png,data\frames\HR\Roco_scene02_1080p__f00008430.png
test,Roco_scene02_1080p,data\frames\LR_bicubic_X2\Roco_scene02_1080p__f00008460.png,data\frames\HR\Roco_scene02_1080p__f00008460.png
test,Roco_scene02_1080p,data\frames\LR_bicubic_X2\Roco_scene02_1080p__f00008490.png,data\frames\HR\Roco_scene02_1080p__f00008490.png
test,Roco_scene02_1080p,data\frames\LR_bicubic_X2\Roco_scene02_1080p__f00008520.png,data\frames\HR\Roco_scene02_1080p__f00008520.png
test,Roco_scene02_1080p,data\frames\LR_bicubic_X2\Roco_scene02_1080p__f00008550.png,data\frames\HR\Roco_scene02_1080p__f00008550.png
test,Roco_scene02_1080p,data\frames\LR_bicubic_X2\Roco_scene02_1080p__f00008580.png,data\frames\HR\Roco_scene02_1080p__f00008580.png
test,Roco_scene02_1080p,data\frames\LR_bicubic_X2\Roco_scene02_1080p__f00008610.png,data\frames\HR\Roco_scene02_1080p__f00008610.png
test,Roco_scene02_1080p,data\frames\LR_bicubic_X2\Roco_scene02_1080p__f00008640.png,data\frames\HR\Roco_scene02_1080p__f00008640.png
test,Roco_scene02_1080p,data\frames\LR_bicubic_X2\Roco_scene02_1080p__f00008670.png,data\frames\HR\Roco_scene02_1080p__f00008670.png
test,Roco_scene02_1080p,data\frames\LR_bicubic_X2\Roco_scene02_1080p__f00008700.png,data\frames\HR\Roco_scene02_1080p__f00008700.png
test,Roco_scene02_1080p,data\frames\LR_bicubic_X2\Roco_scene02_1080p__f00008730.png,data\frames\HR\Roco_scene02_1080p__f00008730.png
test,Roco_scene02_1080p,data\frames\LR_bicubic_X2\Roco_scene02_1080p__f00008760.png,data\frames\HR\Roco_scene02_1080p__f00008760.png
test,Roco_scene02_1080p,data\frames\LR_bicubic_X2\Roco_scene02_1080p__f00008790.png,data\frames\HR\Roco_scene02_1080p__f00008790.png
test,Roco_scene02_1080p,data\frames\LR_bicubic_X2\Roco_scene02_1080p__f00008820.png,data\frames\HR\Roco_scene02_1080p__f00008820.png
test,Roco_scene02_1080p,data\frames\LR_bicubic_X2\Roco_scene02_1080p__f00008850.png,data\frames\HR\Roco_scene02_1080p__f00008850.png
test,Roco_scene02_1080p,data\frames\LR_bicubic_X2\Roco_scene02_1080p__f00008880.png,data\frames\HR\Roco_scene02_1080p__f00008880.png
test,Roco_scene02_1080p,data\frames\LR_bicubic_X2\Roco_scene02_1080p__f00008910.png,data\frames\HR\Roco_scene02_1080p__f00008910.png
test,Roco_scene02_1080p,data\frames\LR_bicubic_X2\Roco_scene02_1080p__f00008940.png,data\frames\HR\Roco_scene02_1080p__f00008940.png
test,Roco_scene02_1080p,data\frames\LR_bicubic_X2\Roco_scene02_1080p__f00008970.png,data\frames\HR\Roco_scene02_1080p__f00008970.png
test,Roco_scene02_1080p,data\frames\LR_bicubic_X2\Roco_scene02_1080p__f00009000.png,data\frames\HR\Roco_scene02_1080p__f00009000.png
test,Roco_scene02_1080p,data\frames\LR_bicubic_X2\Roco_scene02_1080p__f00009030.png,data\frames\HR\Roco_scene02_1080p__f00009030.png
test,Roco_scene02_1080p,data\frames\LR_bicubic_X2\Roco_scene02_1080p__f00009060.png,data\frames\HR\Roco_scene02_1080p__f00009060.png
test,Roco_scene02_1080p,data\frames\LR_bicubic_X2\Roco_scene02_1080p__f00009090.png,data\frames\HR\Roco_scene02_1080p__f00009090.png
test,Roco_scene02_1080p,data\frames\LR_bicubic_X2\Roco_scene02_1080p__f00009120.png,data\frames\HR\Roco_scene02_1080p__f00009120.png
test,Roco_scene02_1080p,data\frames\LR_bicubic_X2\Roco_scene02_1080p__f00009150.png,data\frames\HR\Roco_scene02_1080p__f00009150.png
test,Roco_scene02_1080p,data\frames\LR_bicubic_X2\Roco_scene02_1080p__f00009180.png,data\frames\HR\Roco_scene02_1080p__f00009180.png
test,Roco_scene02_1080p,data\frames\LR_bicubic_X2\Roco_scene02_1080p__f00009210.png,data\frames\HR\Roco_scene02_1080p__f00009210.png
test,Roco_scene02_1080p,data\frames\LR_bicubic_X2\Roco_scene02_1080p__f00009240.png,data\frames\HR\Roco_scene02_1080p__f00009240.png
test,Roco_scene02_1080p,data\frames\LR_bicubic_X2\Roco_scene02_1080p__f00009270.png,data\frames\HR\Roco_scene02_1080p__f00009270.png
test,Roco_scene02_1080p,data\frames\LR_bicubic_X2\Roco_scene02_1080p__f00009300.png,data\frames\HR\Roco_scene02_1080p__f00009300.png
test,Roco_scene02_1080p,data\frames\LR_bicubic_X2\Roco_scene02_1080p__f00009330.png,data\frames\HR\Roco_scene02_1080p__f00009330.png
test,Roco_scene02_1080p,data\frames\LR_bicubic_X2\Roco_scene02_1080p__f00009360.png,data\frames\HR\Roco_scene02_1080p__f00009360.png
test,Roco_scene02_1080p,data\frames\LR_bicubic_X2\Roco_scene02_1080p__f00009390.png,data\frames\HR\Roco_scene02_1080p__f00009390.png
test,Roco_scene02_1080p,data\frames\LR_bicubic_X2\Roco_scene02_1080p__f00009420.png,data\frames\HR\Roco_scene02_1080p__f00009420.png
test,Roco_scene02_1080p,data\frames\LR_bicubic_X2\Roco_scene02_1080p__f00009450.png,data\frames\HR\Roco_scene02_1080p__f00009450.png
test,Roco_scene02_1080p,data\frames\LR_bicubic_X2\Roco_scene02_1080p__f00009480.png,data\frames\HR\Roco_scene02_1080p__f00009480.png
test,Roco_scene02_1080p,data\frames\LR_bicubic_X2\Roco_scene02_1080p__f00009510.png,data\frames\HR\Roco_scene02_1080p__f00009510.png
test,Roco_scene02_1080p,data\frames\LR_bicubic_X2\Roco_scene02_1080p__f00009540.png,data\frames\HR\Roco_scene02_1080p__f00009540.png
test,Roco_scene02_1080p,data\frames\LR_bicubic_X2\Roco_scene02_1080p__f00009570.png,data\frames\HR\Roco_scene02_1080p__f00009570.png
test,Roco_scene02_1080p,data\frames\LR_bicubic_X2\Roco_scene02_1080p__f00009600.png,data\frames\HR\Roco_scene02_1080p__f00009600.png
test,Roco_scene02_1080p,data\frames\LR_bicubic_X2\Roco_scene02_1080p__f00009630.png,data\frames\HR\Roco_scene02_1080p__f00009630.png
test,Roco_scene02_1080p,data\frames\LR_bicubic_X2\Roco_scene02_1080p__f00009660.png,data\frames\HR\Roco_scene02_1080p__f00009660.png
test,Roco_scene02_1080p,data\frames\LR_bicubic_X2\Roco_scene02_1080p__f00009690.png,data\frames\HR\Roco_scene02_1080p__f00009690.png
test,Roco_scene02_1080p,data\frames\LR_bicubic_X2\Roco_scene02_1080p__f00009720.png,data\frames\HR\Roco_scene02_1080p__f00009720.png
test,Roco_scene02_1080p,data\frames\LR_bicubic_X2\Roco_scene02_1080p__f00009750.png,data\frames\HR\Roco_scene02_1080p__f00009750.png
test,Roco_scene02_1080p,data\frames\LR_bicubic_X2\Roco_scene02_1080p__f00009780.png,data\frames\HR\Roco_scene02_1080p__f00009780.png
test,Roco_scene02_1080p,data\frames\LR_bicubic_X2\Roco_scene02_1080p__f00009810.png,data\frames\HR\Roco_scene02_1080p__f00009810.png
test,Roco_scene02_1080p,data\frames\LR_bicubic_X2\Roco_scene02_1080p__f00009840.png,data\frames\HR\Roco_scene02_1080p__f00009840.png
test,Roco_scene02_1080p,data\frames\LR_bicubic_X2\Roco_scene02_1080p__f00009870.png,data\frames\HR\Roco_scene02_1080p__f00009870.png
test,Roco_scene02_1080p,data\frames\LR_bicubic_X2\Roco_scene02_1080p__f00009900.png,data\frames\HR\Roco_scene02_1080p__f00009900.png
test,Roco_scene02_1080p,data\frames\LR_bicubic_X2\Roco_scene02_1080p__f00009930.png,data\frames\HR\Roco_scene02_1080p__f00009930.png
test,Roco_scene02_1080p,data\frames\LR_bicubic_X2\Roco_scene02_1080p__f00009960.png,data\frames\HR\Roco_scene02_1080p__f00009960.png
test,Roco_scene02_1080p,data\frames\LR_bicubic_X2\Roco_scene02_1080p__f00009990.png,data\frames\HR\Roco_scene02_1080p__f00009990.png
test,Roco_scene02_1080p,data\frames\LR_bicubic_X2\Roco_scene02_1080p__f00010020.png,data\frames\HR\Roco_scene02_1080p__f00010020.png
test,Roco_scene02_1080p,data\frames\LR_bicubic_X2\Roco_scene02_1080p__f00010050.png,data\frames\HR\Roco_scene02_1080p__f00010050.png
test,Roco_scene02_1080p,data\frames\LR_bicubic_X2\Roco_scene02_1080p__f00010080.png,data\frames\HR\Roco_scene02_1080p__f00010080.png
test,Roco_scene02_1080p,data\frames\LR_bicubic_X2\Roco_scene02_1080p__f00010110.png,data\frames\HR\Roco_scene02_1080p__f00010110.png
test,Roco_scene02_1080p,data\frames\LR_bicubic_X2\Roco_scene02_1080p__f00010140.png,data\frames\HR\Roco_scene02_1080p__f00010140.png
test,Roco_scene02_1080p,data\frames\LR_bicubic_X2\Roco_scene02_1080p__f00010170.png,data\frames\HR\Roco_scene02_1080p__f00010170.png
test,Roco_scene02_1080p,data\frames\LR_bicubic_X2\Roco_scene02_1080p__f00010200.png,data\frames\HR\Roco_scene02_1080p__f00010200.png
test,Roco_scene02_1080p,data\frames\LR_bicubic_X2\Roco_scene02_1080p__f00010230.png,data\frames\HR\Roco_scene02_1080p__f00010230.png
test,Roco_scene02_1080p,data\frames\LR_bicubic_X2\Roco_scene02_1080p__f00010260.png,data\frames\HR\Roco_scene02_1080p__f00010260.png
test,Roco_scene02_1080p,data\frames\LR_bicubic_X2\Roco_scene02_1080p__f00010290.png,data\frames\HR\Roco_scene02_1080p__f00010290.png
test,Roco_scene02_1080p,data\frames\LR_bicubic_X2\Roco_scene02_1080p__f00010320.png,data\frames\HR\Roco_scene02_1080p__f00010320.png
test,Roco_scene02_1080p,data\frames\LR_bicubic_X2\Roco_scene02_1080p__f00010350.png,data\frames\HR\Roco_scene02_1080p__f00010350.png
test,Roco_scene02_1080p,data\frames\LR_bicubic_X2\Roco_scene02_1080p__f00010380.png,data\frames\HR\Roco_scene02_1080p__f00010380.png
test,Roco_scene02_1080p,data\frames\LR_bicubic_X2\Roco_scene02_1080p__f00010410.png,data\frames\HR\Roco_scene02_1080p__f00010410.png
test,Roco_scene02_1080p,data\frames\LR_bicubic_X2\Roco_scene02_1080p__f00010440.png,data\frames\HR\Roco_scene02_1080p__f00010440.png
test,Roco_scene02_1080p,data\frames\LR_bicubic_X2\Roco_scene02_1080p__f00010470.png,data\frames\HR\Roco_scene02_1080p__f00010470.png
test,Roco_scene02_1080p,data\frames\LR_bicubic_X2\Roco_scene02_1080p__f00010500.png,data\frames\HR\Roco_scene02_1080p__f00010500.png
test,Roco_scene02_1080p,data\frames\LR_bicubic_X2\Roco_scene02_1080p__f00010530.png,data\frames\HR\Roco_scene02_1080p__f00010530.png
test,Roco_scene02_1080p,data\frames\LR_bicubic_X2\Roco_scene02_1080p__f00010560.png,data\frames\HR\Roco_scene02_1080p__f00010560.png
test,Roco_scene02_1080p,data\frames\LR_bicubic_X2\Roco_scene02_1080p__f00010590.png,data\frames\HR\Roco_scene02_1080p__f00010590.png
test,Roco_scene02_1080p,data\frames\LR_bicubic_X2\Roco_scene02_1080p__f00010620.png,data\frames\HR\Roco_scene02_1080p__f00010620.png
test,Roco_scene02_1080p,data\frames\LR_bicubic_X2\Roco_scene02_1080p__f00010650.png,data\frames\HR\Roco_scene02_1080p__f00010650.png
test,Roco_scene02_1080p,data\frames\LR_bicubic_X2\Roco_scene02_1080p__f00010680.png,data\frames\HR\Roco_scene02_1080p__f00010680.png
test,Roco_scene02_1080p,data\frames\LR_bicubic_X2\Roco_scene02_1080p__f00010710.png,data\frames\HR\Roco_scene02_1080p__f00010710.png
test,Roco_scene02_1080p,data\frames\LR_bicubic_X2\Roco_scene02_1080p__f00010740.png,data\frames\HR\Roco_scene02_1080p__f00010740.png
test,Roco_scene02_1080p,data\frames\LR_bicubic_X2\Roco_scene02_1080p__f00010770.png,data\frames\HR\Roco_scene02_1080p__f00010770.png
test,Roco_scene02_1080p,data\frames\LR_bicubic_X2\Roco_scene02_1080p__f00010800.png,data\frames\HR\Roco_scene02_1080p__f00010800.png
test,Roco_scene02_1080p,data\frames\LR_bicubic_X2\Roco_scene02_1080p__f00010830.png,data\frames\HR\Roco_scene02_1080p__f00010830.png
test,Roco_scene02_1080p,data\frames\LR_bicubic_X2\Roco_scene02_1080p__f00010860.png,data\frames\HR\Roco_scene02_1080p__f00010860.png
test,Roco_scene02_1080p,data\frames\LR_bicubic_X2\Roco_scene02_1080p__f00010890.png,data\frames\HR\Roco_scene02_1080p__f00010890.png
test,Roco_scene02_1080p,data\frames\LR_bicubic_X2\Roco_scene02_1080p__f00010920.png,data\frames\HR\Roco_scene02_1080p__f00010920.png
test,Roco_scene02_1080p,data\frames\LR_bicubic_X2\Roco_scene02_1080p__f00010950.png,data\frames\HR\Roco_scene02_1080p__f00010950.png
test,Roco_scene02_1080p,data\frames\LR_bicubic_X2\Roco_scene02_1080p__f00010980.png,data\frames\HR\Roco_scene02_1080p__f00010980.png
test,Roco_scene02_1080p,data\frames\LR_bicubic_X2\Roco_scene02_1080p__f00011010.png,data\frames\HR\Roco_scene02_1080p__f00011010.png
test,Roco_scene02_1080p,data\frames\LR_bicubic_X2\Roco_scene02_1080p__f00011040.png,data\frames\HR\Roco_scene02_1080p__f00011040.png
test,Roco_scene02_1080p,data\frames\LR_bicubic_X2\Roco_scene02_1080p__f00011070.png,data\frames\HR\Roco_scene02_1080p__f00011070.png
test,Roco_scene02_1080p,data\frames\LR_bicubic_X2\Roco_scene02_1080p__f00011100.png,data\frames\HR\Roco_scene02_1080p__f00011100.png
test,Roco_scene02_1080p,data\frames\LR_bicubic_X2\Roco_scene02_1080p__f00011130.png,data\frames\HR\Roco_scene02_1080p__f00011130.png
test,Roco_scene02_1080p,data\frames\LR_bicubic_X2\Roco_scene02_1080p__f00011160.png,data\frames\HR\Roco_scene02_1080p__f00011160.png
test,Roco_scene02_1080p,data\frames\LR_bicubic_X2\Roco_scene02_1080p__f00011190.png,data\frames\HR\Roco_scene02_1080p__f00011190.png
test,Roco_scene02_1080p,data\frames\LR_bicubic_X2\Roco_scene02_1080p__f00011220.png,data\frames\HR\Roco_scene02_1080p__f00011220.png
test,Roco_scene02_1080p,data\frames\LR_bicubic_X2\Roco_scene02_1080p__f00011250.png,data\frames\HR\Roco_scene02_1080p__f00011250.png
test,Roco_scene02_1080p,data\frames\LR_bicubic_X2\Roco_scene02_1080p__f00011280.png,data\frames\HR\Roco_scene02_1080p__f00011280.png
test,Roco_scene02_1080p,data\frames\LR_bicubic_X2\Roco_scene02_1080p__f00011310.png,data\frames\HR\Roco_scene02_1080p__f00011310.png
test,Roco_scene02_1080p,data\frames\LR_bicubic_X2\Roco_scene02_1080p__f00011340.png,data\frames\HR\Roco_scene02_1080p__f00011340.png
test,Roco_scene02_1080p,data\frames\LR_bicubic_X2\Roco_scene02_1080p__f00011370.png,data\frames\HR\Roco_scene02_1080p__f00011370.png
test,Roco_scene02_1080p,data\frames\LR_bicubic_X2\Roco_scene02_1080p__f00011400.png,data\frames\HR\Roco_scene02_1080p__f00011400.png
test,Roco_scene02_1080p,data\frames\LR_bicubic_X2\Roco_scene02_1080p__f00011430.png,data\frames\HR\Roco_scene02_1080p__f00011430.png
test,Roco_scene02_1080p,data\frames\LR_bicubic_X2\Roco_scene02_1080p__f00011460.png,data\frames\HR\Roco_scene02_1080p__f00011460.png
test,Roco_scene02_1080p,data\frames\LR_bicubic_X2\Roco_scene02_1080p__f00011490.png,data\frames\HR\Roco_scene02_1080p__f00011490.png
test,Roco_scene02_1080p,data\frames\LR_bicubic_X2\Roco_scene02_1080p__f00011520.png,data\frames\HR\Roco_scene02_1080p__f00011520.png
test,Roco_scene02_1080p,data\frames\LR_bicubic_X2\Roco_scene02_1080p__f00011550.png,data\frames\HR\Roco_scene02_1080p__f00011550.png
train,Roco_scene03_1080p,data\frames\LR_bicubic_X2\Roco_scene03_1080p__f00000000.png,data\frames\HR\Roco_scene03_1080p__f00000000.png
train,Roco_scene03_1080p,data\frames\LR_bicubic_X2\Roco_scene03_1080p__f00000030.png,data\frames\HR\Roco_scene03_1080p__f00000030.png
train,Roco_scene03_1080p,data\frames\LR_bicubic_X2\Roco_scene03_1080p__f00000060.png,data\frames\HR\Roco_scene03_1080p__f00000060.png
train,Roco_scene03_1080p,data\frames\LR_bicubic_X2\Roco_scene03_1080p__f00000090.png,data\frames\HR\Roco_scene03_1080p__f00000090.png
train,Roco_scene03_1080p,data\frames\LR_bicubic_X2\Roco_scene03_1080p__f00000120.png,data\frames\HR\Roco_scene03_1080p__f00000120.png
train,Roco_scene03_1080p,data\frames\LR_bicubic_X2\Roco_scene03_1080p__f00000150.png,data\frames\HR\Roco_scene03_1080p__f00000150.png
train,Roco_scene03_1080p,data\frames\LR_bicubic_X2\Roco_scene03_1080p__f00000180.png,data\frames\HR\Roco_scene03_1080p__f00000180.png
train,Roco_scene03_1080p,data\frames\LR_bicubic_X2\Roco_scene03_1080p__f00000210.png,data\frames\HR\Roco_scene03_1080p__f00000210.png
train,Roco_scene03_1080p,data\frames\LR_bicubic_X2\Roco_scene03_1080p__f00000240.png,data\frames\HR\Roco_scene03_1080p__f00000240.png
train,Roco_scene03_1080p,data\frames\LR_bicubic_X2\Roco_scene03_1080p__f00000270.png,data\frames\HR\Roco_scene03_1080p__f00000270.png
train,Roco_scene03_1080p,data\frames\LR_bicubic_X2\Roco_scene03_1080p__f00000300.png,data\frames\HR\Roco_scene03_1080p__f00000300.png
train,Roco_scene03_1080p,data\frames\LR_bicubic_X2\Roco_scene03_1080p__f00000330.png,data\frames\HR\Roco_scene03_1080p__f00000330.png
train,Roco_scene03_1080p,data\frames\LR_bicubic_X2\Roco_scene03_1080p__f00000360.png,data\frames\HR\Roco_scene03_1080p__f00000360.png
train,Roco_scene03_1080p,data\frames\LR_bicubic_X2\Roco_scene03_1080p__f00000390.png,data\frames\HR\Roco_scene03_1080p__f00000390.png
train,Roco_scene03_1080p,data\frames\LR_bicubic_X2\Roco_scene03_1080p__f00000420.png,data\frames\HR\Roco_scene03_1080p__f00000420.png
train,Roco_scene03_1080p,data\frames\LR_bicubic_X2\Roco_scene03_1080p__f00000450.png,data\frames\HR\Roco_scene03_1080p__f00000450.png
train,Roco_scene03_1080p,data\frames\LR_bicubic_X2\Roco_scene03_1080p__f00000480.png,data\frames\HR\Roco_scene03_1080p__f00000480.png
train,Roco_scene03_1080p,data\frames\LR_bicubic_X2\Roco_scene03_1080p__f00000510.png,data\frames\HR\Roco_scene03_1080p__f00000510.png
train,Roco_scene03_1080p,data\frames\LR_bicubic_X2\Roco_scene03_1080p__f00000540.png,data\frames\HR\Roco_scene03_1080p__f00000540.png
train,Roco_scene03_1080p,data\frames\LR_bicubic_X2\Roco_scene03_1080p__f00000570.png,data\frames\HR\Roco_scene03_1080p__f00000570.png
train,Roco_scene03_1080p,data\frames\LR_bicubic_X2\Roco_scene03_1080p__f00000600.png,data\frames\HR\Roco_scene03_1080p__f00000600.png
train,Roco_scene03_1080p,data\frames\LR_bicubic_X2\Roco_scene03_1080p__f00000630.png,data\frames\HR\Roco_scene03_1080p__f00000630.png
train,Roco_scene03_1080p,data\frames\LR_bicubic_X2\Roco_scene03_1080p__f00000660.png,data\frames\HR\Roco_scene03_1080p__f00000660.png
train,Roco_scene03_1080p,data\frames\LR_bicubic_X2\Roco_scene03_1080p__f00000690.png,data\frames\HR\Roco_scene03_1080p__f00000690.png
train,Roco_scene03_1080p,data\frames\LR_bicubic_X2\Roco_scene03_1080p__f00000720.png,data\frames\HR\Roco_scene03_1080p__f00000720.png
train,Roco_scene03_1080p,data\frames\LR_bicubic_X2\Roco_scene03_1080p__f00000750.png,data\frames\HR\Roco_scene03_1080p__f00000750.png
train,Roco_scene03_1080p,data\frames\LR_bicubic_X2\Roco_scene03_1080p__f00000780.png,data\frames\HR\Roco_scene03_1080p__f00000780.png
train,Roco_scene03_1080p,data\frames\LR_bicubic_X2\Roco_scene03_1080p__f00000810.png,data\frames\HR\Roco_scene03_1080p__f00000810.png
train,Roco_scene03_1080p,data\frames\LR_bicubic_X2\Roco_scene03_1080p__f00000840.png,data\frames\HR\Roco_scene03_1080p__f00000840.png
train,Roco_scene03_1080p,data\frames\LR_bicubic_X2\Roco_scene03_1080p__f00000870.png,data\frames\HR\Roco_scene03_1080p__f00000870.png
train,Roco_scene03_1080p,data\frames\LR_bicubic_X2\Roco_scene03_1080p__f00000900.png,data\frames\HR\Roco_scene03_1080p__f00000900.png
train,Roco_scene03_1080p,data\frames\LR_bicubic_X2\Roco_scene03_1080p__f00000930.png,data\frames\HR\Roco_scene03_1080p__f00000930.png
train,Roco_scene03_1080p,data\frames\LR_bicubic_X2\Roco_scene03_1080p__f00000960.png,data\frames\HR\Roco_scene03_1080p__f00000960.png
train,Roco_scene03_1080p,data\frames\LR_bicubic_X2\Roco_scene03_1080p__f00000990.png,data\frames\HR\Roco_scene03_1080p__f00000990.png
train,Roco_scene03_1080p,data\frames\LR_bicubic_X2\Roco_scene03_1080p__f00001020.png,data\frames\HR\Roco_scene03_1080p__f00001020.png
train,Roco_scene03_1080p,data\frames\LR_bicubic_X2\Roco_scene03_1080p__f00001050.png,data\frames\HR\Roco_scene03_1080p__f00001050.png
train,Roco_scene03_1080p,data\frames\LR_bicubic_X2\Roco_scene03_1080p__f00001080.png,data\frames\HR\Roco_scene03_1080p__f00001080.png
train,Roco_scene03_1080p,data\frames\LR_bicubic_X2\Roco_scene03_1080p__f00001110.png,data\frames\HR\Roco_scene03_1080p__f00001110.png
train,Roco_scene03_1080p,data\frames\LR_bicubic_X2\Roco_scene03_1080p__f00001140.png,data\frames\HR\Roco_scene03_1080p__f00001140.png
train,Roco_scene03_1080p,data\frames\LR_bicubic_X2\Roco_scene03_1080p__f00001170.png,data\frames\HR\Roco_scene03_1080p__f00001170.png
train,Roco_scene03_1080p,data\frames\LR_bicubic_X2\Roco_scene03_1080p__f00001200.png,data\frames\HR\Roco_scene03_1080p__f00001200.png
train,Roco_scene03_1080p,data\frames\LR_bicubic_X2\Roco_scene03_1080p__f00001230.png,data\frames\HR\Roco_scene03_1080p__f00001230.png
train,Roco_scene03_1080p,data\frames\LR_bicubic_X2\Roco_scene03_1080p__f00001260.png,data\frames\HR\Roco_scene03_1080p__f00001260.png
train,Roco_scene03_1080p,data\frames\LR_bicubic_X2\Roco_scene03_1080p__f00001290.png,data\frames\HR\Roco_scene03_1080p__f00001290.png
train,Roco_scene03_1080p,data\frames\LR_bicubic_X2\Roco_scene03_1080p__f00001320.png,data\frames\HR\Roco_scene03_1080p__f00001320.png
train,Roco_scene03_1080p,data\frames\LR_bicubic_X2\Roco_scene03_1080p__f00001350.png,data\frames\HR\Roco_scene03_1080p__f00001350.png
train,Roco_scene03_1080p,data\frames\LR_bicubic_X2\Roco_scene03_1080p__f00001380.png,data\frames\HR\Roco_scene03_1080p__f00001380.png
train,Roco_scene03_1080p,data\frames\LR_bicubic_X2\Roco_scene03_1080p__f00001410.png,data\frames\HR\Roco_scene03_1080p__f00001410.png
train,Roco_scene03_1080p,data\frames\LR_bicubic_X2\Roco_scene03_1080p__f00001440.png,data\frames\HR\Roco_scene03_1080p__f00001440.png
train,Roco_scene03_1080p,data\frames\LR_bicubic_X2\Roco_scene03_1080p__f00001470.png,data\frames\HR\Roco_scene03_1080p__f00001470.png
train,Roco_scene03_1080p,data\frames\LR_bicubic_X2\Roco_scene03_1080p__f00001500.png,data\frames\HR\Roco_scene03_1080p__f00001500.png
train,Roco_scene03_1080p,data\frames\LR_bicubic_X2\Roco_scene03_1080p__f00001530.png,data\frames\HR\Roco_scene03_1080p__f00001530.png
train,Roco_scene03_1080p,data\frames\LR_bicubic_X2\Roco_scene03_1080p__f00001560.png,data\frames\HR\Roco_scene03_1080p__f00001560.png
train,Roco_scene03_1080p,data\frames\LR_bicubic_X2\Roco_scene03_1080p__f00001590.png,data\frames\HR\Roco_scene03_1080p__f00001590.png
train,Roco_scene03_1080p,data\frames\LR_bicubic_X2\Roco_scene03_1080p__f00001620.png,data\frames\HR\Roco_scene03_1080p__f00001620.png
train,Roco_scene03_1080p,data\frames\LR_bicubic_X2\Roco_scene03_1080p__f00001650.png,data\frames\HR\Roco_scene03_1080p__f00001650.png
train,Roco_scene03_1080p,data\frames\LR_bicubic_X2\Roco_scene03_1080p__f00001680.png,data\frames\HR\Roco_scene03_1080p__f00001680.png
train,Roco_scene03_1080p,data\frames\LR_bicubic_X2\Roco_scene03_1080p__f00001710.png,data\frames\HR\Roco_scene03_1080p__f00001710.png
train,Roco_scene03_1080p,data\frames\LR_bicubic_X2\Roco_scene03_1080p__f00001740.png,data\frames\HR\Roco_scene03_1080p__f00001740.png
train,Roco_scene03_1080p,data\frames\LR_bicubic_X2\Roco_scene03_1080p__f00001770.png,data\frames\HR\Roco_scene03_1080p__f00001770.png
train,Roco_scene03_1080p,data\frames\LR_bicubic_X2\Roco_scene03_1080p__f00001800.png,data\frames\HR\Roco_scene03_1080p__f00001800.png
train,Roco_scene03_1080p,data\frames\LR_bicubic_X2\Roco_scene03_1080p__f00001830.png,data\frames\HR\Roco_scene03_1080p__f00001830.png
train,Roco_scene03_1080p,data\frames\LR_bicubic_X2\Roco_scene03_1080p__f00001860.png,data\frames\HR\Roco_scene03_1080p__f00001860.png
train,Roco_scene03_1080p,data\frames\LR_bicubic_X2\Roco_scene03_1080p__f00001890.png,data\frames\HR\Roco_scene03_1080p__f00001890.png
train,Roco_scene03_1080p,data\frames\LR_bicubic_X2\Roco_scene03_1080p__f00001920.png,data\frames\HR\Roco_scene03_1080p__f00001920.png
train,Roco_scene03_1080p,data\frames\LR_bicubic_X2\Roco_scene03_1080p__f00001950.png,data\frames\HR\Roco_scene03_1080p__f00001950.png
train,Roco_scene03_1080p,data\frames\LR_bicubic_X2\Roco_scene03_1080p__f00001980.png,data\frames\HR\Roco_scene03_1080p__f00001980.png
train,Roco_scene03_1080p,data\frames\LR_bicubic_X2\Roco_scene03_1080p__f00002010.png,data\frames\HR\Roco_scene03_1080p__f00002010.png
train,Roco_scene03_1080p,data\frames\LR_bicubic_X2\Roco_scene03_1080p__f00002040.png,data\frames\HR\Roco_scene03_1080p__f00002040.png
train,Roco_scene03_1080p,data\frames\LR_bicubic_X2\Roco_scene03_1080p__f00002070.png,data\frames\HR\Roco_scene03_1080p__f00002070.png
train,Roco_scene03_1080p,data\frames\LR_bicubic_X2\Roco_scene03_1080p__f00002100.png,data\frames\HR\Roco_scene03_1080p__f00002100.png
train,Roco_scene03_1080p,data\frames\LR_bicubic_X2\Roco_scene03_1080p__f00002130.png,data\frames\HR\Roco_scene03_1080p__f00002130.png
train,Roco_scene03_1080p,data\frames\LR_bicubic_X2\Roco_scene03_1080p__f00002160.png,data\frames\HR\Roco_scene03_1080p__f00002160.png
train,Roco_scene03_1080p,data\frames\LR_bicubic_X2\Roco_scene03_1080p__f00002190.png,data\frames\HR\Roco_scene03_1080p__f00002190.png
train,Roco_scene04_1080p,data\frames\LR_bicubic_X2\Roco_scene04_1080p__f00000000.png,data\frames\HR\Roco_scene04_1080p__f00000000.png
train,Roco_scene04_1080p,data\frames\LR_bicubic_X2\Roco_scene04_1080p__f00000030.png,data\frames\HR\Roco_scene04_1080p__f00000030.png
train,Roco_scene04_1080p,data\frames\LR_bicubic_X2\Roco_scene04_1080p__f00000060.png,data\frames\HR\Roco_scene04_1080p__f00000060.png
train,Roco_scene04_1080p,data\frames\LR_bicubic_X2\Roco_scene04_1080p__f00000090.png,data\frames\HR\Roco_scene04_1080p__f00000090.png
train,Roco_scene04_1080p,data\frames\LR_bicubic_X2\Roco_scene04_1080p__f00000120.png,data\frames\HR\Roco_scene04_1080p__f00000120.png
train,Roco_scene04_1080p,data\frames\LR_bicubic_X2\Roco_scene04_1080p__f00000150.png,data\frames\HR\Roco_scene04_1080p__f00000150.png
train,Roco_scene04_1080p,data\frames\LR_bicubic_X2\Roco_scene04_1080p__f00000180.png,data\frames\HR\Roco_scene04_1080p__f00000180.png
train,Roco_scene04_1080p,data\frames\LR_bicubic_X2\Roco_scene04_1080p__f00000210.png,data\frames\HR\Roco_scene04_1080p__f00000210.png
train,Roco_scene04_1080p,data\frames\LR_bicubic_X2\Roco_scene04_1080p__f00000240.png,data\frames\HR\Roco_scene04_1080p__f00000240.png
train,Roco_scene04_1080p,data\frames\LR_bicubic_X2\Roco_scene04_1080p__f00000270.png,data\frames\HR\Roco_scene04_1080p__f00000270.png
train,Roco_scene04_1080p,data\frames\LR_bicubic_X2\Roco_scene04_1080p__f00000300.png,data\frames\HR\Roco_scene04_1080p__f00000300.png
train,Roco_scene04_1080p,data\frames\LR_bicubic_X2\Roco_scene04_1080p__f00000330.png,data\frames\HR\Roco_scene04_1080p__f00000330.png
train,Roco_scene04_1080p,data\frames\LR_bicubic_X2\Roco_scene04_1080p__f00000360.png,data\frames\HR\Roco_scene04_1080p__f00000360.png
train,Roco_scene04_1080p,data\frames\LR_bicubic_X2\Roco_scene04_1080p__f00000390.png,data\frames\HR\Roco_scene04_1080p__f00000390.png
train,Roco_scene04_1080p,data\frames\LR_bicubic_X2\Roco_scene04_1080p__f00000420.png,data\frames\HR\Roco_scene04_1080p__f00000420.png
train,Roco_scene04_1080p,data\frames\LR_bicubic_X2\Roco_scene04_1080p__f00000450.png,data\frames\HR\Roco_scene04_1080p__f00000450.png
train,Roco_scene04_1080p,data\frames\LR_bicubic_X2\Roco_scene04_1080p__f00000480.png,data\frames\HR\Roco_scene04_1080p__f00000480.png
train,Roco_scene04_1080p,data\frames\LR_bicubic_X2\Roco_scene04_1080p__f00000510.png,data\frames\HR\Roco_scene04_1080p__f00000510.png
train,Roco_scene04_1080p,data\frames\LR_bicubic_X2\Roco_scene04_1080p__f00000540.png,data\frames\HR\Roco_scene04_1080p__f00000540.png
train,Roco_scene04_1080p,data\frames\LR_bicubic_X2\Roco_scene04_1080p__f00000570.png,data\frames\HR\Roco_scene04_1080p__f00000570.png
train,Roco_scene04_1080p,data\frames\LR_bicubic_X2\Roco_scene04_1080p__f00000600.png,data\frames\HR\Roco_scene04_1080p__f00000600.png
train,Roco_scene04_1080p,data\frames\LR_bicubic_X2\Roco_scene04_1080p__f00000630.png,data\frames\HR\Roco_scene04_1080p__f00000630.png
train,Roco_scene04_1080p,data\frames\LR_bicubic_X2\Roco_scene04_1080p__f00000660.png,data\frames\HR\Roco_scene04_1080p__f00000660.png
train,Roco_scene04_1080p,data\frames\LR_bicubic_X2\Roco_scene04_1080p__f00000690.png,data\frames\HR\Roco_scene04_1080p__f00000690.png
train,Roco_scene04_1080p,data\frames\LR_bicubic_X2\Roco_scene04_1080p__f00000720.png,data\frames\HR\Roco_scene04_1080p__f00000720.png
train,Roco_scene04_1080p,data\frames\LR_bicubic_X2\Roco_scene04_1080p__f00000750.png,data\frames\HR\Roco_scene04_1080p__f00000750.png
train,Roco_scene04_1080p,data\frames\LR_bicubic_X2\Roco_scene04_1080p__f00000780.png,data\frames\HR\Roco_scene04_1080p__f00000780.png
train,Roco_scene04_1080p,data\frames\LR_bicubic_X2\Roco_scene04_1080p__f00000810.png,data\frames\HR\Roco_scene04_1080p__f00000810.png
train,Roco_scene04_1080p,data\frames\LR_bicubic_X2\Roco_scene04_1080p__f00000840.png,data\frames\HR\Roco_scene04_1080p__f00000840.png
train,Roco_scene04_1080p,data\frames\LR_bicubic_X2\Roco_scene04_1080p__f00000870.png,data\frames\HR\Roco_scene04_1080p__f00000870.png
train,Roco_scene04_1080p,data\frames\LR_bicubic_X2\Roco_scene04_1080p__f00000900.png,data\frames\HR\Roco_scene04_1080p__f00000900.png
train,Roco_scene04_1080p,data\frames\LR_bicubic_X2\Roco_scene04_1080p__f00000930.png,data\frames\HR\Roco_scene04_1080p__f00000930.png
train,Roco_scene04_1080p,data\frames\LR_bicubic_X2\Roco_scene04_1080p__f00000960.png,data\frames\HR\Roco_scene04_1080p__f00000960.png
train,Roco_scene04_1080p,data\frames\LR_bicubic_X2\Roco_scene04_1080p__f00000990.png,data\frames\HR\Roco_scene04_1080p__f00000990.png
train,Roco_scene04_1080p,data\frames\LR_bicubic_X2\Roco_scene04_1080p__f00001020.png,data\frames\HR\Roco_scene04_1080p__f00001020.png
train,Roco_scene04_1080p,data\frames\LR_bicubic_X2\Roco_scene04_1080p__f00001050.png,data\frames\HR\Roco_scene04_1080p__f00001050.png
train,Roco_scene04_1080p,data\frames\LR_bicubic_X2\Roco_scene04_1080p__f00001080.png,data\frames\HR\Roco_scene04_1080p__f00001080.png
train,Roco_scene04_1080p,data\frames\LR_bicubic_X2\Roco_scene04_1080p__f00001110.png,data\frames\HR\Roco_scene04_1080p__f00001110.png
train,Roco_scene04_1080p,data\frames\LR_bicubic_X2\Roco_scene04_1080p__f00001140.png,data\frames\HR\Roco_scene04_1080p__f00001140.png
train,Roco_scene04_1080p,data\frames\LR_bicubic_X2\Roco_scene04_1080p__f00001170.png,data\frames\HR\Roco_scene04_1080p__f00001170.png
train,Roco_scene04_1080p,data\frames\LR_bicubic_X2\Roco_scene04_1080p__f00001200.png,data\frames\HR\Roco_scene04_1080p__f00001200.png
train,Roco_scene04_1080p,data\frames\LR_bicubic_X2\Roco_scene04_1080p__f00001230.png,data\frames\HR\Roco_scene04_1080p__f00001230.png
train,Roco_scene04_1080p,data\frames\LR_bicubic_X2\Roco_scene04_1080p__f00001260.png,data\frames\HR\Roco_scene04_1080p__f00001260.png
train,Roco_scene04_1080p,data\frames\LR_bicubic_X2\Roco_scene04_1080p__f00001290.png,data\frames\HR\Roco_scene04_1080p__f00001290.png
train,Roco_scene04_1080p,data\frames\LR_bicubic_X2\Roco_scene04_1080p__f00001320.png,data\frames\HR\Roco_scene04_1080p__f00001320.png
train,Roco_scene04_1080p,data\frames\LR_bicubic_X2\Roco_scene04_1080p__f00001350.png,data\frames\HR\Roco_scene04_1080p__f00001350.png
train,Roco_scene04_1080p,data\frames\LR_bicubic_X2\Roco_scene04_1080p__f00001380.png,data\frames\HR\Roco_scene04_1080p__f00001380.png
train,Roco_scene04_1080p,data\frames\LR_bicubic_X2\Roco_scene04_1080p__f00001410.png,data\frames\HR\Roco_scene04_1080p__f00001410.png
train,Roco_scene04_1080p,data\frames\LR_bicubic_X2\Roco_scene04_1080p__f00001440.png,data\frames\HR\Roco_scene04_1080p__f00001440.png
train,Roco_scene04_1080p,data\frames\LR_bicubic_X2\Roco_scene04_1080p__f00001470.png,data\frames\HR\Roco_scene04_1080p__f00001470.png
train,Roco_scene04_1080p,data\frames\LR_bicubic_X2\Roco_scene04_1080p__f00001500.png,data\frames\HR\Roco_scene04_1080p__f00001500.png
train,Roco_scene04_1080p,data\frames\LR_bicubic_X2\Roco_scene04_1080p__f00001530.png,data\frames\HR\Roco_scene04_1080p__f00001530.png
train,Roco_scene04_1080p,data\frames\LR_bicubic_X2\Roco_scene04_1080p__f00001560.png,data\frames\HR\Roco_scene04_1080p__f00001560.png
train,Roco_scene04_1080p,data\frames\LR_bicubic_X2\Roco_scene04_1080p__f00001590.png,data\frames\HR\Roco_scene04_1080p__f00001590.png
train,Roco_scene04_1080p,data\frames\LR_bicubic_X2\Roco_scene04_1080p__f00001620.png,data\frames\HR\Roco_scene04_1080p__f00001620.png
train,Roco_scene04_1080p,data\frames\LR_bicubic_X2\Roco_scene04_1080p__f00001650.png,data\frames\HR\Roco_scene04_1080p__f00001650.png
train,Roco_scene04_1080p,data\frames\LR_bicubic_X2\Roco_scene04_1080p__f00001680.png,data\frames\HR\Roco_scene04_1080p__f00001680.png
train,Roco_scene04_1080p,data\frames\LR_bicubic_X2\Roco_scene04_1080p__f00001710.png,data\frames\HR\Roco_scene04_1080p__f00001710.png
train,Roco_scene04_1080p,data\frames\LR_bicubic_X2\Roco_scene04_1080p__f00001740.png,data\frames\HR\Roco_scene04_1080p__f00001740.png
train,Roco_scene04_1080p,data\frames\LR_bicubic_X2\Roco_scene04_1080p__f00001770.png,data\frames\HR\Roco_scene04_1080p__f00001770.png
train,Roco_scene04_1080p,data\frames\LR_bicubic_X2\Roco_scene04_1080p__f00001800.png,data\frames\HR\Roco_scene04_1080p__f00001800.png
train,Roco_scene04_1080p,data\frames\LR_bicubic_X2\Roco_scene04_1080p__f00001830.png,data\frames\HR\Roco_scene04_1080p__f00001830.png
train,Roco_scene04_1080p,data\frames\LR_bicubic_X2\Roco_scene04_1080p__f00001860.png,data\frames\HR\Roco_scene04_1080p__f00001860.png
train,Roco_scene05_1080p,data\frames\LR_bicubic_X2\Roco_scene05_1080p__f00000000.png,data\frames\HR\Roco_scene05_1080p__f00000000.png
train,Roco_scene05_1080p,data\frames\LR_bicubic_X2\Roco_scene05_1080p__f00000030.png,data\frames\HR\Roco_scene05_1080p__f00000030.png
train,Roco_scene05_1080p,data\frames\LR_bicubic_X2\Roco_scene05_1080p__f00000060.png,data\frames\HR\Roco_scene05_1080p__f00000060.png
train,Roco_scene05_1080p,data\frames\LR_bicubic_X2\Roco_scene05_1080p__f00000090.png,data\frames\HR\Roco_scene05_1080p__f00000090.png
train,Roco_scene05_1080p,data\frames\LR_bicubic_X2\Roco_scene05_1080p__f00000120.png,data\frames\HR\Roco_scene05_1080p__f00000120.png
train,Roco_scene05_1080p,data\frames\LR_bicubic_X2\Roco_scene05_1080p__f00000150.png,data\frames\HR\Roco_scene05_1080p__f00000150.png
train,Roco_scene05_1080p,data\frames\LR_bicubic_X2\Roco_scene05_1080p__f00000180.png,data\frames\HR\Roco_scene05_1080p__f00000180.png
train,Roco_scene05_1080p,data\frames\LR_bicubic_X2\Roco_scene05_1080p__f00000210.png,data\frames\HR\Roco_scene05_1080p__f00000210.png
train,Roco_scene05_1080p,data\frames\LR_bicubic_X2\Roco_scene05_1080p__f00000240.png,data\frames\HR\Roco_scene05_1080p__f00000240.png
train,Roco_scene05_1080p,data\frames\LR_bicubic_X2\Roco_scene05_1080p__f00000270.png,data\frames\HR\Roco_scene05_1080p__f00000270.png
train,Roco_scene05_1080p,data\frames\LR_bicubic_X2\Roco_scene05_1080p__f00000300.png,data\frames\HR\Roco_scene05_1080p__f00000300.png
train,Roco_scene05_1080p,data\frames\LR_bicubic_X2\Roco_scene05_1080p__f00000330.png,data\frames\HR\Roco_scene05_1080p__f00000330.png
train,Roco_scene05_1080p,data\frames\LR_bicubic_X2\Roco_scene05_1080p__f00000360.png,data\frames\HR\Roco_scene05_1080p__f00000360.png
train,Roco_scene05_1080p,data\frames\LR_bicubic_X2\Roco_scene05_1080p__f00000390.png,data\frames\HR\Roco_scene05_1080p__f00000390.png
train,Roco_scene05_1080p,data\frames\LR_bicubic_X2\Roco_scene05_1080p__f00000420.png,data\frames\HR\Roco_scene05_1080p__f00000420.png
train,Roco_scene05_1080p,data\frames\LR_bicubic_X2\Roco_scene05_1080p__f00000450.png,data\frames\HR\Roco_scene05_1080p__f00000450.png
train,Roco_scene05_1080p,data\frames\LR_bicubic_X2\Roco_scene05_1080p__f00000480.png,data\frames\HR\Roco_scene05_1080p__f00000480.png
train,Roco_scene05_1080p,data\frames\LR_bicubic_X2\Roco_scene05_1080p__f00000510.png,data\frames\HR\Roco_scene05_1080p__f00000510.png
train,Roco_scene05_1080p,data\frames\LR_bicubic_X2\Roco_scene05_1080p__f00000540.png,data\frames\HR\Roco_scene05_1080p__f00000540.png
train,Roco_scene05_1080p,data\frames\LR_bicubic_X2\Roco_scene05_1080p__f00000570.png,data\frames\HR\Roco_scene05_1080p__f00000570.png
train,Roco_scene05_1080p,data\frames\LR_bicubic_X2\Roco_scene05_1080p__f00000600.png,data\frames\HR\Roco_scene05_1080p__f00000600.png
train,Roco_scene05_1080p,data\frames\LR_bicubic_X2\Roco_scene05_1080p__f00000630.png,data\frames\HR\Roco_scene05_1080p__f00000630.png
train,Roco_scene05_1080p,data\frames\LR_bicubic_X2\Roco_scene05_1080p__f00000660.png,data\frames\HR\Roco_scene05_1080p__f00000660.png
train,Roco_scene05_1080p,data\frames\LR_bicubic_X2\Roco_scene05_1080p__f00000690.png,data\frames\HR\Roco_scene05_1080p__f00000690.png
train,Roco_scene05_1080p,data\frames\LR_bicubic_X2\Roco_scene05_1080p__f00000720.png,data\frames\HR\Roco_scene05_1080p__f00000720.png
train,Roco_scene05_1080p,data\frames\LR_bicubic_X2\Roco_scene05_1080p__f00000750.png,data\frames\HR\Roco_scene05_1080p__f00000750.png
train,Roco_scene05_1080p,data\frames\LR_bicubic_X2\Roco_scene05_1080p__f00000780.png,data\frames\HR\Roco_scene05_1080p__f00000780.png
train,Roco_scene05_1080p,data\frames\LR_bicubic_X2\Roco_scene05_1080p__f00000810.png,data\frames\HR\Roco_scene05_1080p__f00000810.png
train,Roco_scene05_1080p,data\frames\LR_bicubic_X2\Roco_scene05_1080p__f00000840.png,data\frames\HR\Roco_scene05_1080p__f00000840.png
train,Roco_scene05_1080p,data\frames\LR_bicubic_X2\Roco_scene05_1080p__f00000870.png,data\frames\HR\Roco_scene05_1080p__f00000870.png
train,Roco_scene05_1080p,data\frames\LR_bicubic_X2\Roco_scene05_1080p__f00000900.png,data\frames\HR\Roco_scene05_1080p__f00000900.png
train,Roco_scene05_1080p,data\frames\LR_bicubic_X2\Roco_scene05_1080p__f00000930.png,data\frames\HR\Roco_scene05_1080p__f00000930.png
train,Roco_scene05_1080p,data\frames\LR_bicubic_X2\Roco_scene05_1080p__f00000960.png,data\frames\HR\Roco_scene05_1080p__f00000960.png
train,Roco_scene05_1080p,data\frames\LR_bicubic_X2\Roco_scene05_1080p__f00000990.png,data\frames\HR\Roco_scene05_1080p__f00000990.png
train,Roco_scene05_1080p,data\frames\LR_bicubic_X2\Roco_scene05_1080p__f00001020.png,data\frames\HR\Roco_scene05_1080p__f00001020.png
train,Roco_scene05_1080p,data\frames\LR_bicubic_X2\Roco_scene05_1080p__f00001050.png,data\frames\HR\Roco_scene05_1080p__f00001050.png
train,Roco_scene05_1080p,data\frames\LR_bicubic_X2\Roco_scene05_1080p__f00001080.png,data\frames\HR\Roco_scene05_1080p__f00001080.png
train,Roco_scene05_1080p,data\frames\LR_bicubic_X2\Roco_scene05_1080p__f00001110.png,data\frames\HR\Roco_scene05_1080p__f00001110.png
train,Roco_scene05_1080p,data\frames\LR_bicubic_X2\Roco_scene05_1080p__f00001140.png,data\frames\HR\Roco_scene05_1080p__f00001140.png
train,Roco_scene05_1080p,data\frames\LR_bicubic_X2\Roco_scene05_1080p__f00001170.png,data\frames\HR\Roco_scene05_1080p__f00001170.png
train,Roco_scene05_1080p,data\frames\LR_bicubic_X2\Roco_scene05_1080p__f00001200.png,data\frames\HR\Roco_scene05_1080p__f00001200.png
train,Roco_scene05_1080p,data\frames\LR_bicubic_X2\Roco_scene05_1080p__f00001230.png,data\frames\HR\Roco_scene05_1080p__f00001230.png
train,Roco_scene05_1080p,data\frames\LR_bicubic_X2\Roco_scene05_1080p__f00001260.png,data\frames\HR\Roco_scene05_1080p__f00001260.png
train,Roco_scene05_1080p,data\frames\LR_bicubic_X2\Roco_scene05_1080p__f00001290.png,data\frames\HR\Roco_scene05_1080p__f00001290.png
train,Roco_scene05_1080p,data\frames\LR_bicubic_X2\Roco_scene05_1080p__f00001320.png,data\frames\HR\Roco_scene05_1080p__f00001320.png
train,Roco_scene05_1080p,data\frames\LR_bicubic_X2\Roco_scene05_1080p__f00001350.png,data\frames\HR\Roco_scene05_1080p__f00001350.png
train,Roco_scene05_1080p,data\frames\LR_bicubic_X2\Roco_scene05_1080p__f00001380.png,data\frames\HR\Roco_scene05_1080p__f00001380.png
train,Roco_scene05_1080p,data\frames\LR_bicubic_X2\Roco_scene05_1080p__f00001410.png,data\frames\HR\Roco_scene05_1080p__f00001410.png
train,Roco_scene05_1080p,data\frames\LR_bicubic_X2\Roco_scene05_1080p__f00001440.png,data\frames\HR\Roco_scene05_1080p__f00001440.png
train,Roco_scene05_1080p,data\frames\LR_bicubic_X2\Roco_scene05_1080p__f00001470.png,data\frames\HR\Roco_scene05_1080p__f00001470.png
train,Roco_scene05_1080p,data\frames\LR_bicubic_X2\Roco_scene05_1080p__f00001500.png,data\frames\HR\Roco_scene05_1080p__f00001500.png
train,Roco_scene05_1080p,data\frames\LR_bicubic_X2\Roco_scene05_1080p__f00001530.png,data\frames\HR\Roco_scene05_1080p__f00001530.png
train,Roco_scene05_1080p,data\frames\LR_bicubic_X2\Roco_scene05_1080p__f00001560.png,data\frames\HR\Roco_scene05_1080p__f00001560.png
train,Roco_scene05_1080p,data\frames\LR_bicubic_X2\Roco_scene05_1080p__f00001590.png,data\frames\HR\Roco_scene05_1080p__f00001590.png
train,Roco_scene05_1080p,data\frames\LR_bicubic_X2\Roco_scene05_1080p__f00001620.png,data\frames\HR\Roco_scene05_1080p__f00001620.png
train,Roco_scene05_1080p,data\frames\LR_bicubic_X2\Roco_scene05_1080p__f00001650.png,data\frames\HR\Roco_scene05_1080p__f00001650.png
train,Roco_scene05_1080p,data\frames\LR_bicubic_X2\Roco_scene05_1080p__f00001680.png,data\frames\HR\Roco_scene05_1080p__f00001680.png
train,Roco_scene05_1080p,data\frames\LR_bicubic_X2\Roco_scene05_1080p__f00001710.png,data\frames\HR\Roco_scene05_1080p__f00001710.png
train,Roco_scene05_1080p,data\frames\LR_bicubic_X2\Roco_scene05_1080p__f00001740.png,data\frames\HR\Roco_scene05_1080p__f00001740.png
train,Roco_scene05_1080p,data\frames\LR_bicubic_X2\Roco_scene05_1080p__f00001770.png,data\frames\HR\Roco_scene05_1080p__f00001770.png
train,Roco_scene05_1080p,data\frames\LR_bicubic_X2\Roco_scene05_1080p__f00001800.png,data\frames\HR\Roco_scene05_1080p__f00001800.png
train,Roco_scene05_1080p,data\frames\LR_bicubic_X2\Roco_scene05_1080p__f00001830.png,data\frames\HR\Roco_scene05_1080p__f00001830.png
train,Roco_scene05_1080p,data\frames\LR_bicubic_X2\Roco_scene05_1080p__f00001860.png,data\frames\HR\Roco_scene05_1080p__f00001860.png
train,Roco_scene05_1080p,data\frames\LR_bicubic_X2\Roco_scene05_1080p__f00001890.png,data\frames\HR\Roco_scene05_1080p__f00001890.png
train,Roco_scene05_1080p,data\frames\LR_bicubic_X2\Roco_scene05_1080p__f00001920.png,data\frames\HR\Roco_scene05_1080p__f00001920.png
train,Roco_scene05_1080p,data\frames\LR_bicubic_X2\Roco_scene05_1080p__f00001950.png,data\frames\HR\Roco_scene05_1080p__f00001950.png
train,Roco_scene05_1080p,data\frames\LR_bicubic_X2\Roco_scene05_1080p__f00001980.png,data\frames\HR\Roco_scene05_1080p__f00001980.png
train,Roco_scene05_1080p,data\frames\LR_bicubic_X2\Roco_scene05_1080p__f00002010.png,data\frames\HR\Roco_scene05_1080p__f00002010.png
train,Roco_scene05_1080p,data\frames\LR_bicubic_X2\Roco_scene05_1080p__f00002040.png,data\frames\HR\Roco_scene05_1080p__f00002040.png
train,Roco_scene05_1080p,data\frames\LR_bicubic_X2\Roco_scene05_1080p__f00002070.png,data\frames\HR\Roco_scene05_1080p__f00002070.png
train,Roco_scene05_1080p,data\frames\LR_bicubic_X2\Roco_scene05_1080p__f00002100.png,data\frames\HR\Roco_scene05_1080p__f00002100.png
train,Roco_scene05_1080p,data\frames\LR_bicubic_X2\Roco_scene05_1080p__f00002130.png,data\frames\HR\Roco_scene05_1080p__f00002130.png
train,Roco_scene05_1080p,data\frames\LR_bicubic_X2\Roco_scene05_1080p__f00002160.png,data\frames\HR\Roco_scene05_1080p__f00002160.png
train,Roco_scene05_1080p,data\frames\LR_bicubic_X2\Roco_scene05_1080p__f00002190.png,data\frames\HR\Roco_scene05_1080p__f00002190.png
train,Roco_scene05_1080p,data\frames\LR_bicubic_X2\Roco_scene05_1080p__f00002220.png,data\frames\HR\Roco_scene05_1080p__f00002220.png
train,Roco_scene05_1080p,data\frames\LR_bicubic_X2\Roco_scene05_1080p__f00002250.png,data\frames\HR\Roco_scene05_1080p__f00002250.png
train,Roco_scene05_1080p,data\frames\LR_bicubic_X2\Roco_scene05_1080p__f00002280.png,data\frames\HR\Roco_scene05_1080p__f00002280.png
train,Roco_scene05_1080p,data\frames\LR_bicubic_X2\Roco_scene05_1080p__f00002310.png,data\frames\HR\Roco_scene05_1080p__f00002310.png
train,Roco_scene05_1080p,data\frames\LR_bicubic_X2\Roco_scene05_1080p__f00002340.png,data\frames\HR\Roco_scene05_1080p__f00002340.png
train,Roco_scene05_1080p,data\frames\LR_bicubic_X2\Roco_scene05_1080p__f00002370.png,data\frames\HR\Roco_scene05_1080p__f00002370.png
train,Roco_scene05_1080p,data\frames\LR_bicubic_X2\Roco_scene05_1080p__f00002400.png,data\frames\HR\Roco_scene05_1080p__f00002400.png
train,Roco_scene05_1080p,data\frames\LR_bicubic_X2\Roco_scene05_1080p__f00002430.png,data\frames\HR\Roco_scene05_1080p__f00002430.png
train,Roco_scene05_1080p,data\frames\LR_bicubic_X2\Roco_scene05_1080p__f00002460.png,data\frames\HR\Roco_scene05_1080p__f00002460.png
train,Roco_scene05_1080p,data\frames\LR_bicubic_X2\Roco_scene05_1080p__f00002490.png,data\frames\HR\Roco_scene05_1080p__f00002490.png
train,Roco_scene05_1080p,data\frames\LR_bicubic_X2\Roco_scene05_1080p__f00002520.png,data\frames\HR\Roco_scene05_1080p__f00002520.png
train,Roco_scene05_1080p,data\frames\LR_bicubic_X2\Roco_scene05_1080p__f00002550.png,data\frames\HR\Roco_scene05_1080p__f00002550.png
train,Roco_scene05_1080p,data\frames\LR_bicubic_X2\Roco_scene05_1080p__f00002580.png,data\frames\HR\Roco_scene05_1080p__f00002580.png
train,Roco_scene05_1080p,data\frames\LR_bicubic_X2\Roco_scene05_1080p__f00002610.png,data\frames\HR\Roco_scene05_1080p__f00002610.png
train,Roco_scene05_1080p,data\frames\LR_bicubic_X2\Roco_scene05_1080p__f00002640.png,data\frames\HR\Roco_scene05_1080p__f00002640.png
train,Roco_scene05_1080p,data\frames\LR_bicubic_X2\Roco_scene05_1080p__f00002670.png,data\frames\HR\Roco_scene05_1080p__f00002670.png
train,Roco_scene05_1080p,data\frames\LR_bicubic_X2\Roco_scene05_1080p__f00002700.png,data\frames\HR\Roco_scene05_1080p__f00002700.png
train,Roco_scene05_1080p,data\frames\LR_bicubic_X2\Roco_scene05_1080p__f00002730.png,data\frames\HR\Roco_scene05_1080p__f00002730.png
train,Roco_scene05_1080p,data\frames\LR_bicubic_X2\Roco_scene05_1080p__f00002760.png,data\frames\HR\Roco_scene05_1080p__f00002760.png
train,Roco_scene05_1080p,data\frames\LR_bicubic_X2\Roco_scene05_1080p__f00002790.png,data\frames\HR\Roco_scene05_1080p__f00002790.png
train,Roco_scene05_1080p,data\frames\LR_bicubic_X2\Roco_scene05_1080p__f00002820.png,data\frames\HR\Roco_scene05_1080p__f00002820.png
train,Roco_scene05_1080p,data\frames\LR_bicubic_X2\Roco_scene05_1080p__f00002850.png,data\frames\HR\Roco_scene05_1080p__f00002850.png
train,Roco_scene05_1080p,data\frames\LR_bicubic_X2\Roco_scene05_1080p__f00002880.png,data\frames\HR\Roco_scene05_1080p__f00002880.png
train,Roco_scene05_1080p,data\frames\LR_bicubic_X2\Roco_scene05_1080p__f00002910.png,data\frames\HR\Roco_scene05_1080p__f00002910.png
train,Roco_scene05_1080p,data\frames\LR_bicubic_X2\Roco_scene05_1080p__f00002940.png,data\frames\HR\Roco_scene05_1080p__f00002940.png
train,Roco_scene05_1080p,data\frames\LR_bicubic_X2\Roco_scene05_1080p__f00002970.png,data\frames\HR\Roco_scene05_1080p__f00002970.png
train,Roco_scene05_1080p,data\frames\LR_bicubic_X2\Roco_scene05_1080p__f00003000.png,data\frames\HR\Roco_scene05_1080p__f00003000.png
train,Roco_scene05_1080p,data\frames\LR_bicubic_X2\Roco_scene05_1080p__f00003030.png,data\frames\HR\Roco_scene05_1080p__f00003030.png
train,Roco_scene05_1080p,data\frames\LR_bicubic_X2\Roco_scene05_1080p__f00003060.png,data\frames\HR\Roco_scene05_1080p__f00003060.png
train,Roco_scene05_1080p,data\frames\LR_bicubic_X2\Roco_scene05_1080p__f00003090.png,data\frames\HR\Roco_scene05_1080p__f00003090.png
train,Roco_scene05_1080p,data\frames\LR_bicubic_X2\Roco_scene05_1080p__f00003120.png,data\frames\HR\Roco_scene05_1080p__f00003120.png
train,Roco_scene05_1080p,data\frames\LR_bicubic_X2\Roco_scene05_1080p__f00003150.png,data\frames\HR\Roco_scene05_1080p__f00003150.png
train,Roco_scene05_1080p,data\frames\LR_bicubic_X2\Roco_scene05_1080p__f00003180.png,data\frames\HR\Roco_scene05_1080p__f00003180.png
train,Roco_scene05_1080p,data\frames\LR_bicubic_X2\Roco_scene05_1080p__f00003210.png,data\frames\HR\Roco_scene05_1080p__f00003210.png
train,Roco_scene05_1080p,data\frames\LR_bicubic_X2\Roco_scene05_1080p__f00003240.png,data\frames\HR\Roco_scene05_1080p__f00003240.png
train,Roco_scene05_1080p,data\frames\LR_bicubic_X2\Roco_scene05_1080p__f00003270.png,data\frames\HR\Roco_scene05_1080p__f00003270.png
train,Roco_scene05_1080p,data\frames\LR_bicubic_X2\Roco_scene05_1080p__f00003300.png,data\frames\HR\Roco_scene05_1080p__f00003300.png
train,Roco_scene05_1080p,data\frames\LR_bicubic_X2\Roco_scene05_1080p__f00003330.png,data\frames\HR\Roco_scene05_1080p__f00003330.png
train,Roco_scene05_1080p,data\frames\LR_bicubic_X2\Roco_scene05_1080p__f00003360.png,data\frames\HR\Roco_scene05_1080p__f00003360.png
train,Roco_scene05_1080p,data\frames\LR_bicubic_X2\Roco_scene05_1080p__f00003390.png,data\frames\HR\Roco_scene05_1080p__f00003390.png
train,Roco_scene05_1080p,data\frames\LR_bicubic_X2\Roco_scene05_1080p__f00003420.png,data\frames\HR\Roco_scene05_1080p__f00003420.png
train,Roco_scene05_1080p,data\frames\LR_bicubic_X2\Roco_scene05_1080p__f00003450.png,data\frames\HR\Roco_scene05_1080p__f00003450.png
train,Roco_scene05_1080p,data\frames\LR_bicubic_X2\Roco_scene05_1080p__f00003480.png,data\frames\HR\Roco_scene05_1080p__f00003480.png
train,Roco_scene05_1080p,data\frames\LR_bicubic_X2\Roco_scene05_1080p__f00003510.png,data\frames\HR\Roco_scene05_1080p__f00003510.png
train,Roco_scene05_1080p,data\frames\LR_bicubic_X2\Roco_scene05_1080p__f00003540.png,data\frames\HR\Roco_scene05_1080p__f00003540.png
train,Roco_scene05_1080p,data\frames\LR_bicubic_X2\Roco_scene05_1080p__f00003570.png,data\frames\HR\Roco_scene05_1080p__f00003570.png
train,Roco_scene05_1080p,data\frames\LR_bicubic_X2\Roco_scene05_1080p__f00003600.png,data\frames\HR\Roco_scene05_1080p__f00003600.png
train,Roco_scene05_1080p,data\frames\LR_bicubic_X2\Roco_scene05_1080p__f00003630.png,data\frames\HR\Roco_scene05_1080p__f00003630.png
train,Roco_scene05_1080p,data\frames\LR_bicubic_X2\Roco_scene05_1080p__f00003660.png,data\frames\HR\Roco_scene05_1080p__f00003660.png
train,Roco_scene05_1080p,data\frames\LR_bicubic_X2\Roco_scene05_1080p__f00003690.png,data\frames\HR\Roco_scene05_1080p__f00003690.png
train,Roco_scene05_1080p,data\frames\LR_bicubic_X2\Roco_scene05_1080p__f00003720.png,data\frames\HR\Roco_scene05_1080p__f00003720.png
train,Roco_scene05_1080p,data\frames\LR_bicubic_X2\Roco_scene05_1080p__f00003750.png,data\frames\HR\Roco_scene05_1080p__f00003750.png
train,Roco_scene05_1080p,data\frames\LR_bicubic_X2\Roco_scene05_1080p__f00003780.png,data\frames\HR\Roco_scene05_1080p__f00003780.png
train,Roco_scene05_1080p,data\frames\LR_bicubic_X2\Roco_scene05_1080p__f00003810.png,data\frames\HR\Roco_scene05_1080p__f00003810.png
train,Roco_scene05_1080p,data\frames\LR_bicubic_X2\Roco_scene05_1080p__f00003840.png,data\frames\HR\Roco_scene05_1080p__f00003840.png
train,Roco_scene05_1080p,data\frames\LR_bicubic_X2\Roco_scene05_1080p__f00003870.png,data\frames\HR\Roco_scene05_1080p__f00003870.png
train,Roco_scene05_1080p,data\frames\LR_bicubic_X2\Roco_scene05_1080p__f00003900.png,data\frames\HR\Roco_scene05_1080p__f00003900.png
train,Roco_scene05_1080p,data\frames\LR_bicubic_X2\Roco_scene05_1080p__f00003930.png,data\frames\HR\Roco_scene05_1080p__f00003930.png
train,Roco_scene05_1080p,data\frames\LR_bicubic_X2\Roco_scene05_1080p__f00003960.png,data\frames\HR\Roco_scene05_1080p__f00003960.png
train,Roco_scene05_1080p,data\frames\LR_bicubic_X2\Roco_scene05_1080p__f00003990.png,data\frames\HR\Roco_scene05_1080p__f00003990.png
train,Roco_scene05_1080p,data\frames\LR_bicubic_X2\Roco_scene05_1080p__f00004020.png,data\frames\HR\Roco_scene05_1080p__f00004020.png
train,Roco_scene05_1080p,data\frames\LR_bicubic_X2\Roco_scene05_1080p__f00004050.png,data\frames\HR\Roco_scene05_1080p__f00004050.png
train,Roco_scene05_1080p,data\frames\LR_bicubic_X2\Roco_scene05_1080p__f00004080.png,data\frames\HR\Roco_scene05_1080p__f00004080.png
train,Roco_scene05_1080p,data\frames\LR_bicubic_X2\Roco_scene05_1080p__f00004110.png,data\frames\HR\Roco_scene05_1080p__f00004110.png
train,Roco_scene05_1080p,data\frames\LR_bicubic_X2\Roco_scene05_1080p__f00004140.png,data\frames\HR\Roco_scene05_1080p__f00004140.png
train,Roco_scene05_1080p,data\frames\LR_bicubic_X2\Roco_scene05_1080p__f00004170.png,data\frames\HR\Roco_scene05_1080p__f00004170.png
train,Roco_scene05_1080p,data\frames\LR_bicubic_X2\Roco_scene05_1080p__f00004200.png,data\frames\HR\Roco_scene05_1080p__f00004200.png
train,Roco_scene05_1080p,data\frames\LR_bicubic_X2\Roco_scene05_1080p__f00004230.png,data\frames\HR\Roco_scene05_1080p__f00004230.png
train,Roco_scene06_1080p,data\frames\LR_bicubic_X2\Roco_scene06_1080p__f00000000.png,data\frames\HR\Roco_scene06_1080p__f00000000.png
train,Roco_scene06_1080p,data\frames\LR_bicubic_X2\Roco_scene06_1080p__f00000030.png,data\frames\HR\Roco_scene06_1080p__f00000030.png
train,Roco_scene06_1080p,data\frames\LR_bicubic_X2\Roco_scene06_1080p__f00000060.png,data\frames\HR\Roco_scene06_1080p__f00000060.png
train,Roco_scene06_1080p,data\frames\LR_bicubic_X2\Roco_scene06_1080p__f00000090.png,data\frames\HR\Roco_scene06_1080p__f00000090.png
train,Roco_scene06_1080p,data\frames\LR_bicubic_X2\Roco_scene06_1080p__f00000120.png,data\frames\HR\Roco_scene06_1080p__f00000120.png
train,Roco_scene06_1080p,data\frames\LR_bicubic_X2\Roco_scene06_1080p__f00000150.png,data\frames\HR\Roco_scene06_1080p__f00000150.png
train,Roco_scene06_1080p,data\frames\LR_bicubic_X2\Roco_scene06_1080p__f00000180.png,data\frames\HR\Roco_scene06_1080p__f00000180.png
train,Roco_scene06_1080p,data\frames\LR_bicubic_X2\Roco_scene06_1080p__f00000210.png,data\frames\HR\Roco_scene06_1080p__f00000210.png
train,Roco_scene06_1080p,data\frames\LR_bicubic_X2\Roco_scene06_1080p__f00000240.png,data\frames\HR\Roco_scene06_1080p__f00000240.png
train,Roco_scene06_1080p,data\frames\LR_bicubic_X2\Roco_scene06_1080p__f00000270.png,data\frames\HR\Roco_scene06_1080p__f00000270.png
train,Roco_scene06_1080p,data\frames\LR_bicubic_X2\Roco_scene06_1080p__f00000300.png,data\frames\HR\Roco_scene06_1080p__f00000300.png
train,Roco_scene06_1080p,data\frames\LR_bicubic_X2\Roco_scene06_1080p__f00000330.png,data\frames\HR\Roco_scene06_1080p__f00000330.png
train,Roco_scene06_1080p,data\frames\LR_bicubic_X2\Roco_scene06_1080p__f00000360.png,data\frames\HR\Roco_scene06_1080p__f00000360.png
train,Roco_scene06_1080p,data\frames\LR_bicubic_X2\Roco_scene06_1080p__f00000390.png,data\frames\HR\Roco_scene06_1080p__f00000390.png
train,Roco_scene06_1080p,data\frames\LR_bicubic_X2\Roco_scene06_1080p__f00000420.png,data\frames\HR\Roco_scene06_1080p__f00000420.png
train,Roco_scene06_1080p,data\frames\LR_bicubic_X2\Roco_scene06_1080p__f00000450.png,data\frames\HR\Roco_scene06_1080p__f00000450.png
train,Roco_scene06_1080p,data\frames\LR_bicubic_X2\Roco_scene06_1080p__f00000480.png,data\frames\HR\Roco_scene06_1080p__f00000480.png
train,Roco_scene06_1080p,data\frames\LR_bicubic_X2\Roco_scene06_1080p__f00000510.png,data\frames\HR\Roco_scene06_1080p__f00000510.png
train,Roco_scene06_1080p,data\frames\LR_bicubic_X2\Roco_scene06_1080p__f00000540.png,data\frames\HR\Roco_scene06_1080p__f00000540.png
train,Roco_scene06_1080p,data\frames\LR_bicubic_X2\Roco_scene06_1080p__f00000570.png,data\frames\HR\Roco_scene06_1080p__f00000570.png
train,Roco_scene06_1080p,data\frames\LR_bicubic_X2\Roco_scene06_1080p__f00000600.png,data\frames\HR\Roco_scene06_1080p__f00000600.png
train,Roco_scene06_1080p,data\frames\LR_bicubic_X2\Roco_scene06_1080p__f00000630.png,data\frames\HR\Roco_scene06_1080p__f00000630.png
train,Roco_scene06_1080p,data\frames\LR_bicubic_X2\Roco_scene06_1080p__f00000660.png,data\frames\HR\Roco_scene06_1080p__f00000660.png
train,Roco_scene06_1080p,data\frames\LR_bicubic_X2\Roco_scene06_1080p__f00000690.png,data\frames\HR\Roco_scene06_1080p__f00000690.png
train,Roco_scene06_1080p,data\frames\LR_bicubic_X2\Roco_scene06_1080p__f00000720.png,data\frames\HR\Roco_scene06_1080p__f00000720.png
train,Roco_scene06_1080p,data\frames\LR_bicubic_X2\Roco_scene06_1080p__f00000750.png,data\frames\HR\Roco_scene06_1080p__f00000750.png
train,Roco_scene06_1080p,data\frames\LR_bicubic_X2\Roco_scene06_1080p__f00000780.png,data\frames\HR\Roco_scene06_1080p__f00000780.png
train,Roco_scene06_1080p,data\frames\LR_bicubic_X2\Roco_scene06_1080p__f00000810.png,data\frames\HR\Roco_scene06_1080p__f00000810.png
train,Roco_scene06_1080p,data\frames\LR_bicubic_X2\Roco_scene06_1080p__f00000840.png,data\frames\HR\Roco_scene06_1080p__f00000840.png
train,Roco_scene06_1080p,data\frames\LR_bicubic_X2\Roco_scene06_1080p__f00000870.png,data\frames\HR\Roco_scene06_1080p__f00000870.png
train,Roco_scene06_1080p,data\frames\LR_bicubic_X2\Roco_scene06_1080p__f00000900.png,data\frames\HR\Roco_scene06_1080p__f00000900.png
train,Roco_scene06_1080p,data\frames\LR_bicubic_X2\Roco_scene06_1080p__f00000930.png,data\frames\HR\Roco_scene06_1080p__f00000930.png
train,Roco_scene06_1080p,data\frames\LR_bicubic_X2\Roco_scene06_1080p__f00000960.png,data\frames\HR\Roco_scene06_1080p__f00000960.png
train,Roco_scene06_1080p,data\frames\LR_bicubic_X2\Roco_scene06_1080p__f00000990.png,data\frames\HR\Roco_scene06_1080p__f00000990.png
train,Roco_scene06_1080p,data\frames\LR_bicubic_X2\Roco_scene06_1080p__f00001020.png,data\frames\HR\Roco_scene06_1080p__f00001020.png
train,Roco_scene06_1080p,data\frames\LR_bicubic_X2\Roco_scene06_1080p__f00001050.png,data\frames\HR\Roco_scene06_1080p__f00001050.png
train,Roco_scene06_1080p,data\frames\LR_bicubic_X2\Roco_scene06_1080p__f00001080.png,data\frames\HR\Roco_scene06_1080p__f00001080.png
train,Roco_scene06_1080p,data\frames\LR_bicubic_X2\Roco_scene06_1080p__f00001110.png,data\frames\HR\Roco_scene06_1080p__f00001110.png
train,Roco_scene06_1080p,data\frames\LR_bicubic_X2\Roco_scene06_1080p__f00001140.png,data\frames\HR\Roco_scene06_1080p__f00001140.png
train,Roco_scene06_1080p,data\frames\LR_bicubic_X2\Roco_scene06_1080p__f00001170.png,data\frames\HR\Roco_scene06_1080p__f00001170.png
train,Roco_scene06_1080p,data\frames\LR_bicubic_X2\Roco_scene06_1080p__f00001200.png,data\frames\HR\Roco_scene06_1080p__f00001200.png
train,Roco_scene06_1080p,data\frames\LR_bicubic_X2\Roco_scene06_1080p__f00001230.png,data\frames\HR\Roco_scene06_1080p__f00001230.png
train,Roco_scene06_1080p,data\frames\LR_bicubic_X2\Roco_scene06_1080p__f00001260.png,data\frames\HR\Roco_scene06_1080p__f00001260.png
train,Roco_scene06_1080p,data\frames\LR_bicubic_X2\Roco_scene06_1080p__f00001290.png,data\frames\HR\Roco_scene06_1080p__f00001290.png
train,Roco_scene06_1080p,data\frames\LR_bicubic_X2\Roco_scene06_1080p__f00001320.png,data\frames\HR\Roco_scene06_1080p__f00001320.png
train,Roco_scene06_1080p,data\frames\LR_bicubic_X2\Roco_scene06_1080p__f00001350.png,data\frames\HR\Roco_scene06_1080p__f00001350.png
train,Roco_scene06_1080p,data\frames\LR_bicubic_X2\Roco_scene06_1080p__f00001380.png,data\frames\HR\Roco_scene06_1080p__f00001380.png
train,Roco_scene06_1080p,data\frames\LR_bicubic_X2\Roco_scene06_1080p__f00001410.png,data\frames\HR\Roco_scene06_1080p__f00001410.png
train,Roco_scene06_1080p,data\frames\LR_bicubic_X2\Roco_scene06_1080p__f00001440.png,data\frames\HR\Roco_scene06_1080p__f00001440.png
train,Roco_scene06_1080p,data\frames\LR_bicubic_X2\Roco_scene06_1080p__f00001470.png,data\frames\HR\Roco_scene06_1080p__f00001470.png
train,Roco_scene06_1080p,data\frames\LR_bicubic_X2\Roco_scene06_1080p__f00001500.png,data\frames\HR\Roco_scene06_1080p__f00001500.png
train,Roco_scene06_1080p,data\frames\LR_bicubic_X2\Roco_scene06_1080p__f00001530.png,data\frames\HR\Roco_scene06_1080p__f00001530.png
train,Roco_scene06_1080p,data\frames\LR_bicubic_X2\Roco_scene06_1080p__f00001560.png,data\frames\HR\Roco_scene06_1080p__f00001560.png
train,Roco_scene06_1080p,data\frames\LR_bicubic_X2\Roco_scene06_1080p__f00001590.png,data\frames\HR\Roco_scene06_1080p__f00001590.png
train,Roco_scene06_1080p,data\frames\LR_bicubic_X2\Roco_scene06_1080p__f00001620.png,data\frames\HR\Roco_scene06_1080p__f00001620.png
train,Roco_scene06_1080p,data\frames\LR_bicubic_X2\Roco_scene06_1080p__f00001650.png,data\frames\HR\Roco_scene06_1080p__f00001650.png
train,Roco_scene06_1080p,data\frames\LR_bicubic_X2\Roco_scene06_1080p__f00001680.png,data\frames\HR\Roco_scene06_1080p__f00001680.png
train,Roco_scene06_1080p,data\frames\LR_bicubic_X2\Roco_scene06_1080p__f00001710.png,data\frames\HR\Roco_scene06_1080p__f00001710.png
train,Roco_scene06_1080p,data\frames\LR_bicubic_X2\Roco_scene06_1080p__f00001740.png,data\frames\HR\Roco_scene06_1080p__f00001740.png
train,Roco_scene06_1080p,data\frames\LR_bicubic_X2\Roco_scene06_1080p__f00001770.png,data\frames\HR\Roco_scene06_1080p__f00001770.png
train,Roco_scene06_1080p,data\frames\LR_bicubic_X2\Roco_scene06_1080p__f00001800.png,data\frames\HR\Roco_scene06_1080p__f00001800.png
train,Roco_scene06_1080p,data\frames\LR_bicubic_X2\Roco_scene06_1080p__f00001830.png,data\frames\HR\Roco_scene06_1080p__f00001830.png
train,Roco_scene06_1080p,data\frames\LR_bicubic_X2\Roco_scene06_1080p__f00001860.png,data\frames\HR\Roco_scene06_1080p__f00001860.png
train,Roco_scene06_1080p,data\frames\LR_bicubic_X2\Roco_scene06_1080p__f00001890.png,data\frames\HR\Roco_scene06_1080p__f00001890.png
train,Roco_scene06_1080p,data\frames\LR_bicubic_X2\Roco_scene06_1080p__f00001920.png,data\frames\HR\Roco_scene06_1080p__f00001920.png
train,Roco_scene06_1080p,data\frames\LR_bicubic_X2\Roco_scene06_1080p__f00001950.png,data\frames\HR\Roco_scene06_1080p__f00001950.png
train,Roco_scene06_1080p,data\frames\LR_bicubic_X2\Roco_scene06_1080p__f00001980.png,data\frames\HR\Roco_scene06_1080p__f00001980.png
train,Roco_scene06_1080p,data\frames\LR_bicubic_X2\Roco_scene06_1080p__f00002010.png,data\frames\HR\Roco_scene06_1080p__f00002010.png
train,Roco_scene06_1080p,data\frames\LR_bicubic_X2\Roco_scene06_1080p__f00002040.png,data\frames\HR\Roco_scene06_1080p__f00002040.png
train,Roco_scene06_1080p,data\frames\LR_bicubic_X2\Roco_scene06_1080p__f00002070.png,data\frames\HR\Roco_scene06_1080p__f00002070.png
train,Roco_scene06_1080p,data\frames\LR_bicubic_X2\Roco_scene06_1080p__f00002100.png,data\frames\HR\Roco_scene06_1080p__f00002100.png
train,Roco_scene06_1080p,data\frames\LR_bicubic_X2\Roco_scene06_1080p__f00002130.png,data\frames\HR\Roco_scene06_1080p__f00002130.png
train,Roco_scene06_1080p,data\frames\LR_bicubic_X2\Roco_scene06_1080p__f00002160.png,data\frames\HR\Roco_scene06_1080p__f00002160.png
train,Roco_scene06_1080p,data\frames\LR_bicubic_X2\Roco_scene06_1080p__f00002190.png,data\frames\HR\Roco_scene06_1080p__f00002190.png
train,Roco_scene06_1080p,data\frames\LR_bicubic_X2\Roco_scene06_1080p__f00002220.png,data\frames\HR\Roco_scene06_1080p__f00002220.png
train,Roco_scene06_1080p,data\frames\LR_bicubic_X2\Roco_scene06_1080p__f00002250.png,data\frames\HR\Roco_scene06_1080p__f00002250.png
train,Roco_scene06_1080p,data\frames\LR_bicubic_X2\Roco_scene06_1080p__f00002280.png,data\frames\HR\Roco_scene06_1080p__f00002280.png
train,Roco_scene06_1080p,data\frames\LR_bicubic_X2\Roco_scene06_1080p__f00002310.png,data\frames\HR\Roco_scene06_1080p__f00002310.png
train,Roco_scene06_1080p,data\frames\LR_bicubic_X2\Roco_scene06_1080p__f00002340.png,data\frames\HR\Roco_scene06_1080p__f00002340.png
train,Roco_scene06_1080p,data\frames\LR_bicubic_X2\Roco_scene06_1080p__f00002370.png,data\frames\HR\Roco_scene06_1080p__f00002370.png
train,Roco_scene06_1080p,data\frames\LR_bicubic_X2\Roco_scene06_1080p__f00002400.png,data\frames\HR\Roco_scene06_1080p__f00002400.png
train,Roco_scene06_1080p,data\frames\LR_bicubic_X2\Roco_scene06_1080p__f00002430.png,data\frames\HR\Roco_scene06_1080p__f00002430.png
train,Roco_scene06_1080p,data\frames\LR_bicubic_X2\Roco_scene06_1080p__f00002460.png,data\frames\HR\Roco_scene06_1080p__f00002460.png
train,Roco_scene06_1080p,data\frames\LR_bicubic_X2\Roco_scene06_1080p__f00002490.png,data\frames\HR\Roco_scene06_1080p__f00002490.png
train,Roco_scene06_1080p,data\frames\LR_bicubic_X2\Roco_scene06_1080p__f00002520.png,data\frames\HR\Roco_scene06_1080p__f00002520.png
train,Roco_scene06_1080p,data\frames\LR_bicubic_X2\Roco_scene06_1080p__f00002550.png,data\frames\HR\Roco_scene06_1080p__f00002550.png
train,Roco_scene06_1080p,data\frames\LR_bicubic_X2\Roco_scene06_1080p__f00002580.png,data\frames\HR\Roco_scene06_1080p__f00002580.png
train,Roco_scene06_1080p,data\frames\LR_bicubic_X2\Roco_scene06_1080p__f00002610.png,data\frames\HR\Roco_scene06_1080p__f00002610.png
train,Roco_scene06_1080p,data\frames\LR_bicubic_X2\Roco_scene06_1080p__f00002640.png,data\frames\HR\Roco_scene06_1080p__f00002640.png
train,Roco_scene06_1080p,data\frames\LR_bicubic_X2\Roco_scene06_1080p__f00002670.png,data\frames\HR\Roco_scene06_1080p__f00002670.png
train,Roco_scene06_1080p,data\frames\LR_bicubic_X2\Roco_scene06_1080p__f00002700.png,data\frames\HR\Roco_scene06_1080p__f00002700.png
train,Roco_scene06_1080p,data\frames\LR_bicubic_X2\Roco_scene06_1080p__f00002730.png,data\frames\HR\Roco_scene06_1080p__f00002730.png
train,Roco_scene06_1080p,data\frames\LR_bicubic_X2\Roco_scene06_1080p__f00002760.png,data\frames\HR\Roco_scene06_1080p__f00002760.png
train,Roco_scene06_1080p,data\frames\LR_bicubic_X2\Roco_scene06_1080p__f00002790.png,data\frames\HR\Roco_scene06_1080p__f00002790.png
train,Roco_scene06_1080p,data\frames\LR_bicubic_X2\Roco_scene06_1080p__f00002820.png,data\frames\HR\Roco_scene06_1080p__f00002820.png
train,Roco_scene06_1080p,data\frames\LR_bicubic_X2\Roco_scene06_1080p__f00002850.png,data\frames\HR\Roco_scene06_1080p__f00002850.png
train,Roco_scene06_1080p,data\frames\LR_bicubic_X2\Roco_scene06_1080p__f00002880.png,data\frames\HR\Roco_scene06_1080p__f00002880.png
train,Roco_scene06_1080p,data\frames\LR_bicubic_X2\Roco_scene06_1080p__f00002910.png,data\frames\HR\Roco_scene06_1080p__f00002910.png
train,Roco_scene06_1080p,data\frames\LR_bicubic_X2\Roco_scene06_1080p__f00002940.png,data\frames\HR\Roco_scene06_1080p__f00002940.png
train,Roco_scene06_1080p,data\frames\LR_bicubic_X2\Roco_scene06_1080p__f00002970.png,data\frames\HR\Roco_scene06_1080p__f00002970.png
train,Roco_scene06_1080p,data\frames\LR_bicubic_X2\Roco_scene06_1080p__f00003000.png,data\frames\HR\Roco_scene06_1080p__f00003000.png
train,Roco_scene06_1080p,data\frames\LR_bicubic_X2\Roco_scene06_1080p__f00003030.png,data\frames\HR\Roco_scene06_1080p__f00003030.png
train,Roco_scene06_1080p,data\frames\LR_bicubic_X2\Roco_scene06_1080p__f00003060.png,data\frames\HR\Roco_scene06_1080p__f00003060.png
train,Roco_scene06_1080p,data\frames\LR_bicubic_X2\Roco_scene06_1080p__f00003090.png,data\frames\HR\Roco_scene06_1080p__f00003090.png
train,Roco_scene06_1080p,data\frames\LR_bicubic_X2\Roco_scene06_1080p__f00003120.png,data\frames\HR\Roco_scene06_1080p__f00003120.png
train,Roco_scene06_1080p,data\frames\LR_bicubic_X2\Roco_scene06_1080p__f00003150.png,data\frames\HR\Roco_scene06_1080p__f00003150.png
train,Roco_scene06_1080p,data\frames\LR_bicubic_X2\Roco_scene06_1080p__f00003180.png,data\frames\HR\Roco_scene06_1080p__f00003180.png
train,Roco_scene06_1080p,data\frames\LR_bicubic_X2\Roco_scene06_1080p__f00003210.png,data\frames\HR\Roco_scene06_1080p__f00003210.png
train,Roco_scene06_1080p,data\frames\LR_bicubic_X2\Roco_scene06_1080p__f00003240.png,data\frames\HR\Roco_scene06_1080p__f00003240.png
train,Roco_scene06_1080p,data\frames\LR_bicubic_X2\Roco_scene06_1080p__f00003270.png,data\frames\HR\Roco_scene06_1080p__f00003270.png
train,Roco_scene06_1080p,data\frames\LR_bicubic_X2\Roco_scene06_1080p__f00003300.png,data\frames\HR\Roco_scene06_1080p__f00003300.png
train,Roco_scene06_1080p,data\frames\LR_bicubic_X2\Roco_scene06_1080p__f00003330.png,data\frames\HR\Roco_scene06_1080p__f00003330.png
train,Roco_scene06_1080p,data\frames\LR_bicubic_X2\Roco_scene06_1080p__f00003360.png,data\frames\HR\Roco_scene06_1080p__f00003360.png
train,Roco_scene06_1080p,data\frames\LR_bicubic_X2\Roco_scene06_1080p__f00003390.png,data\frames\HR\Roco_scene06_1080p__f00003390.png
train,Roco_scene06_1080p,data\frames\LR_bicubic_X2\Roco_scene06_1080p__f00003420.png,data\frames\HR\Roco_scene06_1080p__f00003420.png
train,Roco_scene06_1080p,data\frames\LR_bicubic_X2\Roco_scene06_1080p__f00003450.png,data\frames\HR\Roco_scene06_1080p__f00003450.png
train,Roco_scene06_1080p,data\frames\LR_bicubic_X2\Roco_scene06_1080p__f00003480.png,data\frames\HR\Roco_scene06_1080p__f00003480.png
train,Roco_scene06_1080p,data\frames\LR_bicubic_X2\Roco_scene06_1080p__f00003510.png,data\frames\HR\Roco_scene06_1080p__f00003510.png
train,Roco_scene06_1080p,data\frames\LR_bicubic_X2\Roco_scene06_1080p__f00003540.png,data\frames\HR\Roco_scene06_1080p__f00003540.png
train,Roco_scene06_1080p,data\frames\LR_bicubic_X2\Roco_scene06_1080p__f00003570.png,data\frames\HR\Roco_scene06_1080p__f00003570.png
train,Roco_scene06_1080p,data\frames\LR_bicubic_X2\Roco_scene06_1080p__f00003600.png,data\frames\HR\Roco_scene06_1080p__f00003600.png
train,Roco_scene06_1080p,data\frames\LR_bicubic_X2\Roco_scene06_1080p__f00003630.png,data\frames\HR\Roco_scene06_1080p__f00003630.png
train,Roco_scene06_1080p,data\frames\LR_bicubic_X2\Roco_scene06_1080p__f00003660.png,data\frames\HR\Roco_scene06_1080p__f00003660.png
train,Roco_scene06_1080p,data\frames\LR_bicubic_X2\Roco_scene06_1080p__f00003690.png,data\frames\HR\Roco_scene06_1080p__f00003690.png
train,Roco_scene06_1080p,data\frames\LR_bicubic_X2\Roco_scene06_1080p__f00003720.png,data\frames\HR\Roco_scene06_1080p__f00003720.png
train,Roco_scene06_1080p,data\frames\LR_bicubic_X2\Roco_scene06_1080p__f00003750.png,data\frames\HR\Roco_scene06_1080p__f00003750.png
train,Roco_scene06_1080p,data\frames\LR_bicubic_X2\Roco_scene06_1080p__f00003780.png,data\frames\HR\Roco_scene06_1080p__f00003780.png
train,Roco_scene06_1080p,data\frames\LR_bicubic_X2\Roco_scene06_1080p__f00003810.png,data\frames\HR\Roco_scene06_1080p__f00003810.png
train,Roco_scene06_1080p,data\frames\LR_bicubic_X2\Roco_scene06_1080p__f00003840.png,data\frames\HR\Roco_scene06_1080p__f00003840.png
train,Roco_scene06_1080p,data\frames\LR_bicubic_X2\Roco_scene06_1080p__f00003870.png,data\frames\HR\Roco_scene06_1080p__f00003870.png
train,Roco_scene06_1080p,data\frames\LR_bicubic_X2\Roco_scene06_1080p__f00003900.png,data\frames\HR\Roco_scene06_1080p__f00003900.png
train,Roco_scene06_1080p,data\frames\LR_bicubic_X2\Roco_scene06_1080p__f00003930.png,data\frames\HR\Roco_scene06_1080p__f00003930.png
train,Roco_scene06_1080p,data\frames\LR_bicubic_X2\Roco_scene06_1080p__f00003960.png,data\frames\HR\Roco_scene06_1080p__f00003960.png
train,Roco_scene06_1080p,data\frames\LR_bicubic_X2\Roco_scene06_1080p__f00003990.png,data\frames\HR\Roco_scene06_1080p__f00003990.png
train,Roco_scene06_1080p,data\frames\LR_bicubic_X2\Roco_scene06_1080p__f00004020.png,data\frames\HR\Roco_scene06_1080p__f00004020.png
train,Roco_scene06_1080p,data\frames\LR_bicubic_X2\Roco_scene06_1080p__f00004050.png,data\frames\HR\Roco_scene06_1080p__f00004050.png
train,Roco_scene06_1080p,data\frames\LR_bicubic_X2\Roco_scene06_1080p__f00004080.png,data\frames\HR\Roco_scene06_1080p__f00004080.png
train,Roco_scene06_1080p,data\frames\LR_bicubic_X2\Roco_scene06_1080p__f00004110.png,data\frames\HR\Roco_scene06_1080p__f00004110.png
train,Roco_scene06_1080p,data\frames\LR_bicubic_X2\Roco_scene06_1080p__f00004140.png,data\frames\HR\Roco_scene06_1080p__f00004140.png
train,Roco_scene06_1080p,data\frames\LR_bicubic_X2\Roco_scene06_1080p__f00004170.png,data\frames\HR\Roco_scene06_1080p__f00004170.png
train,Roco_scene06_1080p,data\frames\LR_bicubic_X2\Roco_scene06_1080p__f00004200.png,data\frames\HR\Roco_scene06_1080p__f00004200.png
train,Roco_scene06_1080p,data\frames\LR_bicubic_X2\Roco_scene06_1080p__f00004230.png,data\frames\HR\Roco_scene06_1080p__f00004230.png
train,Roco_scene06_1080p,data\frames\LR_bicubic_X2\Roco_scene06_1080p__f00004260.png,data\frames\HR\Roco_scene06_1080p__f00004260.png
train,Roco_scene06_1080p,data\frames\LR_bicubic_X2\Roco_scene06_1080p__f00004290.png,data\frames\HR\Roco_scene06_1080p__f00004290.png
train,Roco_scene06_1080p,data\frames\LR_bicubic_X2\Roco_scene06_1080p__f00004320.png,data\frames\HR\Roco_scene06_1080p__f00004320.png
train,Roco_scene06_1080p,data\frames\LR_bicubic_X2\Roco_scene06_1080p__f00004350.png,data\frames\HR\Roco_scene06_1080p__f00004350.png
train,Roco_scene06_1080p,data\frames\LR_bicubic_X2\Roco_scene06_1080p__f00004380.png,data\frames\HR\Roco_scene06_1080p__f00004380.png
train,Roco_scene06_1080p,data\frames\LR_bicubic_X2\Roco_scene06_1080p__f00004410.png,data\frames\HR\Roco_scene06_1080p__f00004410.png
train,Roco_scene06_1080p,data\frames\LR_bicubic_X2\Roco_scene06_1080p__f00004440.png,data\frames\HR\Roco_scene06_1080p__f00004440.png
train,Roco_scene06_1080p,data\frames\LR_bicubic_X2\Roco_scene06_1080p__f00004470.png,data\frames\HR\Roco_scene06_1080p__f00004470.png
train,Roco_scene06_1080p,data\frames\LR_bicubic_X2\Roco_scene06_1080p__f00004500.png,data\frames\HR\Roco_scene06_1080p__f00004500.png
train,Roco_scene06_1080p,data\frames\LR_bicubic_X2\Roco_scene06_1080p__f00004530.png,data\frames\HR\Roco_scene06_1080p__f00004530.png
train,Roco_scene06_1080p,data\frames\LR_bicubic_X2\Roco_scene06_1080p__f00004560.png,data\frames\HR\Roco_scene06_1080p__f00004560.png
train,Roco_scene06_1080p,data\frames\LR_bicubic_X2\Roco_scene06_1080p__f00004590.png,data\frames\HR\Roco_scene06_1080p__f00004590.png
train,Roco_scene06_1080p,data\frames\LR_bicubic_X2\Roco_scene06_1080p__f00004620.png,data\frames\HR\Roco_scene06_1080p__f00004620.png
train,Roco_scene06_1080p,data\frames\LR_bicubic_X2\Roco_scene06_1080p__f00004650.png,data\frames\HR\Roco_scene06_1080p__f00004650.png
train,Roco_scene06_1080p,data\frames\LR_bicubic_X2\Roco_scene06_1080p__f00004680.png,data\frames\HR\Roco_scene06_1080p__f00004680.png
train,Roco_scene06_1080p,data\frames\LR_bicubic_X2\Roco_scene06_1080p__f00004710.png,data\frames\HR\Roco_scene06_1080p__f00004710.png
train,Roco_scene06_1080p,data\frames\LR_bicubic_X2\Roco_scene06_1080p__f00004740.png,data\frames\HR\Roco_scene06_1080p__f00004740.png
train,Roco_scene06_1080p,data\frames\LR_bicubic_X2\Roco_scene06_1080p__f00004770.png,data\frames\HR\Roco_scene06_1080p__f00004770.png
train,Roco_scene06_1080p,data\frames\LR_bicubic_X2\Roco_scene06_1080p__f00004800.png,data\frames\HR\Roco_scene06_1080p__f00004800.png
train,Roco_scene06_1080p,data\frames\LR_bicubic_X2\Roco_scene06_1080p__f00004830.png,data\frames\HR\Roco_scene06_1080p__f00004830.png
train,Roco_scene06_1080p,data\frames\LR_bicubic_X2\Roco_scene06_1080p__f00004860.png,data\frames\HR\Roco_scene06_1080p__f00004860.png
train,Roco_scene06_1080p,data\frames\LR_bicubic_X2\Roco_scene06_1080p__f00004890.png,data\frames\HR\Roco_scene06_1080p__f00004890.png
train,Roco_scene06_1080p,data\frames\LR_bicubic_X2\Roco_scene06_1080p__f00004920.png,data\frames\HR\Roco_scene06_1080p__f00004920.png
train,Roco_scene06_1080p,data\frames\LR_bicubic_X2\Roco_scene06_1080p__f00004950.png,data\frames\HR\Roco_scene06_1080p__f00004950.png
train,Roco_scene06_1080p,data\frames\LR_bicubic_X2\Roco_scene06_1080p__f00004980.png,data\frames\HR\Roco_scene06_1080p__f00004980.png
train,Roco_scene06_1080p,data\frames\LR_bicubic_X2\Roco_scene06_1080p__f00005010.png,data\frames\HR\Roco_scene06_1080p__f00005010.png
train,Roco_scene06_1080p,data\frames\LR_bicubic_X2\Roco_scene06_1080p__f00005040.png,data\frames\HR\Roco_scene06_1080p__f00005040.png
train,Roco_scene06_1080p,data\frames\LR_bicubic_X2\Roco_scene06_1080p__f00005070.png,data\frames\HR\Roco_scene06_1080p__f00005070.png
train,Roco_scene06_1080p,data\frames\LR_bicubic_X2\Roco_scene06_1080p__f00005100.png,data\frames\HR\Roco_scene06_1080p__f00005100.png
train,Roco_scene06_1080p,data\frames\LR_bicubic_X2\Roco_scene06_1080p__f00005130.png,data\frames\HR\Roco_scene06_1080p__f00005130.png
train,Roco_scene06_1080p,data\frames\LR_bicubic_X2\Roco_scene06_1080p__f00005160.png,data\frames\HR\Roco_scene06_1080p__f00005160.png
train,Roco_scene06_1080p,data\frames\LR_bicubic_X2\Roco_scene06_1080p__f00005190.png,data\frames\HR\Roco_scene06_1080p__f00005190.png
train,Roco_scene06_1080p,data\frames\LR_bicubic_X2\Roco_scene06_1080p__f00005220.png,data\frames\HR\Roco_scene06_1080p__f00005220.png
train,Roco_scene06_1080p,data\frames\LR_bicubic_X2\Roco_scene06_1080p__f00005250.png,data\frames\HR\Roco_scene06_1080p__f00005250.png
train,Roco_scene06_1080p,data\frames\LR_bicubic_X2\Roco_scene06_1080p__f00005280.png,data\frames\HR\Roco_scene06_1080p__f00005280.png
train,Roco_scene06_1080p,data\frames\LR_bicubic_X2\Roco_scene06_1080p__f00005310.png,data\frames\HR\Roco_scene06_1080p__f00005310.png
train,Roco_scene06_1080p,data\frames\LR_bicubic_X2\Roco_scene06_1080p__f00005340.png,data\frames\HR\Roco_scene06_1080p__f00005340.png
train,Roco_scene06_1080p,data\frames\LR_bicubic_X2\Roco_scene06_1080p__f00005370.png,data\frames\HR\Roco_scene06_1080p__f00005370.png
train,Roco_scene06_1080p,data\frames\LR_bicubic_X2\Roco_scene06_1080p__f00005400.png,data\frames\HR\Roco_scene06_1080p__f00005400.png
train,Roco_scene06_1080p,data\frames\LR_bicubic_X2\Roco_scene06_1080p__f00005430.png,data\frames\HR\Roco_scene06_1080p__f00005430.png
train,Roco_scene06_1080p,data\frames\LR_bicubic_X2\Roco_scene06_1080p__f00005460.png,data\frames\HR\Roco_scene06_1080p__f00005460.png
train,Roco_scene06_1080p,data\frames\LR_bicubic_X2\Roco_scene06_1080p__f00005490.png,data\frames\HR\Roco_scene06_1080p__f00005490.png
train,Roco_scene06_1080p,data\frames\LR_bicubic_X2\Roco_scene06_1080p__f00005520.png,data\frames\HR\Roco_scene06_1080p__f00005520.png
train,Roco_scene06_1080p,data\frames\LR_bicubic_X2\Roco_scene06_1080p__f00005550.png,data\frames\HR\Roco_scene06_1080p__f00005550.png
train,Roco_scene06_1080p,data\frames\LR_bicubic_X2\Roco_scene06_1080p__f00005580.png,data\frames\HR\Roco_scene06_1080p__f00005580.png
train,Roco_scene06_1080p,data\frames\LR_bicubic_X2\Roco_scene06_1080p__f00005610.png,data\frames\HR\Roco_scene06_1080p__f00005610.png
train,Roco_scene06_1080p,data\frames\LR_bicubic_X2\Roco_scene06_1080p__f00005640.png,data\frames\HR\Roco_scene06_1080p__f00005640.png
train,Roco_scene06_1080p,data\frames\LR_bicubic_X2\Roco_scene06_1080p__f00005670.png,data\frames\HR\Roco_scene06_1080p__f00005670.png
train,Roco_scene06_1080p,data\frames\LR_bicubic_X2\Roco_scene06_1080p__f00005700.png,data\frames\HR\Roco_scene06_1080p__f00005700.png
train,Roco_scene06_1080p,data\frames\LR_bicubic_X2\Roco_scene06_1080p__f00005730.png,data\frames\HR\Roco_scene06_1080p__f00005730.png
train,Roco_scene06_1080p,data\frames\LR_bicubic_X2\Roco_scene06_1080p__f00005760.png,data\frames\HR\Roco_scene06_1080p__f00005760.png
train,Roco_scene06_1080p,data\frames\LR_bicubic_X2\Roco_scene06_1080p__f00005790.png,data\frames\HR\Roco_scene06_1080p__f00005790.png
train,Roco_scene06_1080p,data\frames\LR_bicubic_X2\Roco_scene06_1080p__f00005820.png,data\frames\HR\Roco_scene06_1080p__f00005820.png
train,Roco_scene06_1080p,data\frames\LR_bicubic_X2\Roco_scene06_1080p__f00005850.png,data\frames\HR\Roco_scene06_1080p__f00005850.png
train,Roco_scene06_1080p,data\frames\LR_bicubic_X2\Roco_scene06_1080p__f00005880.png,data\frames\HR\Roco_scene06_1080p__f00005880.png
train,Roco_scene06_1080p,data\frames\LR_bicubic_X2\Roco_scene06_1080p__f00005910.png,data\frames\HR\Roco_scene06_1080p__f00005910.png
train,Roco_scene06_1080p,data\frames\LR_bicubic_X2\Roco_scene06_1080p__f00005940.png,data\frames\HR\Roco_scene06_1080p__f00005940.png
train,Roco_scene06_1080p,data\frames\LR_bicubic_X2\Roco_scene06_1080p__f00005970.png,data\frames\HR\Roco_scene06_1080p__f00005970.png
train,Roco_scene06_1080p,data\frames\LR_bicubic_X2\Roco_scene06_1080p__f00006000.png,data\frames\HR\Roco_scene06_1080p__f00006000.png
train,Roco_scene06_1080p,data\frames\LR_bicubic_X2\Roco_scene06_1080p__f00006030.png,data\frames\HR\Roco_scene06_1080p__f00006030.png
train,Roco_scene06_1080p,data\frames\LR_bicubic_X2\Roco_scene06_1080p__f00006060.png,data\frames\HR\Roco_scene06_1080p__f00006060.png
train,Roco_scene06_1080p,data\frames\LR_bicubic_X2\Roco_scene06_1080p__f00006090.png,data\frames\HR\Roco_scene06_1080p__f00006090.png
train,Roco_scene06_1080p,data\frames\LR_bicubic_X2\Roco_scene06_1080p__f00006120.png,data\frames\HR\Roco_scene06_1080p__f00006120.png
train,Roco_scene07_1080p,data\frames\LR_bicubic_X2\Roco_scene07_1080p__f00000000.png,data\frames\HR\Roco_scene07_1080p__f00000000.png
train,Roco_scene07_1080p,data\frames\LR_bicubic_X2\Roco_scene07_1080p__f00000030.png,data\frames\HR\Roco_scene07_1080p__f00000030.png
train,Roco_scene07_1080p,data\frames\LR_bicubic_X2\Roco_scene07_1080p__f00000060.png,data\frames\HR\Roco_scene07_1080p__f00000060.png
train,Roco_scene07_1080p,data\frames\LR_bicubic_X2\Roco_scene07_1080p__f00000090.png,data\frames\HR\Roco_scene07_1080p__f00000090.png
train,Roco_scene07_1080p,data\frames\LR_bicubic_X2\Roco_scene07_1080p__f00000120.png,data\frames\HR\Roco_scene07_1080p__f00000120.png
train,Roco_scene07_1080p,data\frames\LR_bicubic_X2\Roco_scene07_1080p__f00000150.png,data\frames\HR\Roco_scene07_1080p__f00000150.png
train,Roco_scene07_1080p,data\frames\LR_bicubic_X2\Roco_scene07_1080p__f00000180.png,data\frames\HR\Roco_scene07_1080p__f00000180.png
train,Roco_scene07_1080p,data\frames\LR_bicubic_X2\Roco_scene07_1080p__f00000210.png,data\frames\HR\Roco_scene07_1080p__f00000210.png
train,Roco_scene07_1080p,data\frames\LR_bicubic_X2\Roco_scene07_1080p__f00000240.png,data\frames\HR\Roco_scene07_1080p__f00000240.png
train,Roco_scene07_1080p,data\frames\LR_bicubic_X2\Roco_scene07_1080p__f00000270.png,data\frames\HR\Roco_scene07_1080p__f00000270.png
train,Roco_scene07_1080p,data\frames\LR_bicubic_X2\Roco_scene07_1080p__f00000300.png,data\frames\HR\Roco_scene07_1080p__f00000300.png
train,Roco_scene07_1080p,data\frames\LR_bicubic_X2\Roco_scene07_1080p__f00000330.png,data\frames\HR\Roco_scene07_1080p__f00000330.png
train,Roco_scene07_1080p,data\frames\LR_bicubic_X2\Roco_scene07_1080p__f00000360.png,data\frames\HR\Roco_scene07_1080p__f00000360.png
train,Roco_scene07_1080p,data\frames\LR_bicubic_X2\Roco_scene07_1080p__f00000390.png,data\frames\HR\Roco_scene07_1080p__f00000390.png
train,Roco_scene07_1080p,data\frames\LR_bicubic_X2\Roco_scene07_1080p__f00000420.png,data\frames\HR\Roco_scene07_1080p__f00000420.png
train,Roco_scene07_1080p,data\frames\LR_bicubic_X2\Roco_scene07_1080p__f00000450.png,data\frames\HR\Roco_scene07_1080p__f00000450.png
train,Roco_scene07_1080p,data\frames\LR_bicubic_X2\Roco_scene07_1080p__f00000480.png,data\frames\HR\Roco_scene07_1080p__f00000480.png
train,Roco_scene07_1080p,data\frames\LR_bicubic_X2\Roco_scene07_1080p__f00000510.png,data\frames\HR\Roco_scene07_1080p__f00000510.png
train,Roco_scene07_1080p,data\frames\LR_bicubic_X2\Roco_scene07_1080p__f00000540.png,data\frames\HR\Roco_scene07_1080p__f00000540.png
train,Roco_scene07_1080p,data\frames\LR_bicubic_X2\Roco_scene07_1080p__f00000570.png,data\frames\HR\Roco_scene07_1080p__f00000570.png
train,Roco_scene07_1080p,data\frames\LR_bicubic_X2\Roco_scene07_1080p__f00000600.png,data\frames\HR\Roco_scene07_1080p__f00000600.png
train,Roco_scene07_1080p,data\frames\LR_bicubic_X2\Roco_scene07_1080p__f00000630.png,data\frames\HR\Roco_scene07_1080p__f00000630.png
train,Roco_scene07_1080p,data\frames\LR_bicubic_X2\Roco_scene07_1080p__f00000660.png,data\frames\HR\Roco_scene07_1080p__f00000660.png
train,Roco_scene07_1080p,data\frames\LR_bicubic_X2\Roco_scene07_1080p__f00000690.png,data\frames\HR\Roco_scene07_1080p__f00000690.png
train,Roco_scene07_1080p,data\frames\LR_bicubic_X2\Roco_scene07_1080p__f00000720.png,data\frames\HR\Roco_scene07_1080p__f00000720.png
train,Roco_scene07_1080p,data\frames\LR_bicubic_X2\Roco_scene07_1080p__f00000750.png,data\frames\HR\Roco_scene07_1080p__f00000750.png
train,Roco_scene07_1080p,data\frames\LR_bicubic_X2\Roco_scene07_1080p__f00000780.png,data\frames\HR\Roco_scene07_1080p__f00000780.png
train,Roco_scene07_1080p,data\frames\LR_bicubic_X2\Roco_scene07_1080p__f00000810.png,data\frames\HR\Roco_scene07_1080p__f00000810.png
train,Roco_scene07_1080p,data\frames\LR_bicubic_X2\Roco_scene07_1080p__f00000840.png,data\frames\HR\Roco_scene07_1080p__f00000840.png
train,Roco_scene07_1080p,data\frames\LR_bicubic_X2\Roco_scene07_1080p__f00000870.png,data\frames\HR\Roco_scene07_1080p__f00000870.png
train,Roco_scene07_1080p,data\frames\LR_bicubic_X2\Roco_scene07_1080p__f00000900.png,data\frames\HR\Roco_scene07_1080p__f00000900.png
train,Roco_scene07_1080p,data\frames\LR_bicubic_X2\Roco_scene07_1080p__f00000930.png,data\frames\HR\Roco_scene07_1080p__f00000930.png
train,Roco_scene07_1080p,data\frames\LR_bicubic_X2\Roco_scene07_1080p__f00000960.png,data\frames\HR\Roco_scene07_1080p__f00000960.png
train,Roco_scene07_1080p,data\frames\LR_bicubic_X2\Roco_scene07_1080p__f00000990.png,data\frames\HR\Roco_scene07_1080p__f00000990.png
train,Roco_scene07_1080p,data\frames\LR_bicubic_X2\Roco_scene07_1080p__f00001020.png,data\frames\HR\Roco_scene07_1080p__f00001020.png
train,Roco_scene07_1080p,data\frames\LR_bicubic_X2\Roco_scene07_1080p__f00001050.png,data\frames\HR\Roco_scene07_1080p__f00001050.png
train,Roco_scene07_1080p,data\frames\LR_bicubic_X2\Roco_scene07_1080p__f00001080.png,data\frames\HR\Roco_scene07_1080p__f00001080.png
train,Roco_scene07_1080p,data\frames\LR_bicubic_X2\Roco_scene07_1080p__f00001110.png,data\frames\HR\Roco_scene07_1080p__f00001110.png
train,Roco_scene07_1080p,data\frames\LR_bicubic_X2\Roco_scene07_1080p__f00001140.png,data\frames\HR\Roco_scene07_1080p__f00001140.png
train,Roco_scene07_1080p,data\frames\LR_bicubic_X2\Roco_scene07_1080p__f00001170.png,data\frames\HR\Roco_scene07_1080p__f00001170.png
train,Roco_scene07_1080p,data\frames\LR_bicubic_X2\Roco_scene07_1080p__f00001200.png,data\frames\HR\Roco_scene07_1080p__f00001200.png
train,Roco_scene07_1080p,data\frames\LR_bicubic_X2\Roco_scene07_1080p__f00001230.png,data\frames\HR\Roco_scene07_1080p__f00001230.png
train,Roco_scene07_1080p,data\frames\LR_bicubic_X2\Roco_scene07_1080p__f00001260.png,data\frames\HR\Roco_scene07_1080p__f00001260.png
train,Roco_scene07_1080p,data\frames\LR_bicubic_X2\Roco_scene07_1080p__f00001290.png,data\frames\HR\Roco_scene07_1080p__f00001290.png
train,Roco_scene07_1080p,data\frames\LR_bicubic_X2\Roco_scene07_1080p__f00001320.png,data\frames\HR\Roco_scene07_1080p__f00001320.png
train,Roco_scene07_1080p,data\frames\LR_bicubic_X2\Roco_scene07_1080p__f00001350.png,data\frames\HR\Roco_scene07_1080p__f00001350.png
train,Roco_scene07_1080p,data\frames\LR_bicubic_X2\Roco_scene07_1080p__f00001380.png,data\frames\HR\Roco_scene07_1080p__f00001380.png
train,Roco_scene07_1080p,data\frames\LR_bicubic_X2\Roco_scene07_1080p__f00001410.png,data\frames\HR\Roco_scene07_1080p__f00001410.png
train,Roco_scene07_1080p,data\frames\LR_bicubic_X2\Roco_scene07_1080p__f00001440.png,data\frames\HR\Roco_scene07_1080p__f00001440.png
train,Roco_scene07_1080p,data\frames\LR_bicubic_X2\Roco_scene07_1080p__f00001470.png,data\frames\HR\Roco_scene07_1080p__f00001470.png
train,Roco_scene07_1080p,data\frames\LR_bicubic_X2\Roco_scene07_1080p__f00001500.png,data\frames\HR\Roco_scene07_1080p__f00001500.png
train,Roco_scene07_1080p,data\frames\LR_bicubic_X2\Roco_scene07_1080p__f00001530.png,data\frames\HR\Roco_scene07_1080p__f00001530.png
train,Roco_scene07_1080p,data\frames\LR_bicubic_X2\Roco_scene07_1080p__f00001560.png,data\frames\HR\Roco_scene07_1080p__f00001560.png
train,Roco_scene07_1080p,data\frames\LR_bicubic_X2\Roco_scene07_1080p__f00001590.png,data\frames\HR\Roco_scene07_1080p__f00001590.png
train,Roco_scene07_1080p,data\frames\LR_bicubic_X2\Roco_scene07_1080p__f00001620.png,data\frames\HR\Roco_scene07_1080p__f00001620.png
train,Roco_scene07_1080p,data\frames\LR_bicubic_X2\Roco_scene07_1080p__f00001650.png,data\frames\HR\Roco_scene07_1080p__f00001650.png
train,Roco_scene07_1080p,data\frames\LR_bicubic_X2\Roco_scene07_1080p__f00001680.png,data\frames\HR\Roco_scene07_1080p__f00001680.png
train,Roco_scene07_1080p,data\frames\LR_bicubic_X2\Roco_scene07_1080p__f00001710.png,data\frames\HR\Roco_scene07_1080p__f00001710.png
train,Roco_scene07_1080p,data\frames\LR_bicubic_X2\Roco_scene07_1080p__f00001740.png,data\frames\HR\Roco_scene07_1080p__f00001740.png
train,Roco_scene07_1080p,data\frames\LR_bicubic_X2\Roco_scene07_1080p__f00001770.png,data\frames\HR\Roco_scene07_1080p__f00001770.png
train,Roco_scene07_1080p,data\frames\LR_bicubic_X2\Roco_scene07_1080p__f00001800.png,data\frames\HR\Roco_scene07_1080p__f00001800.png
train,Roco_scene07_1080p,data\frames\LR_bicubic_X2\Roco_scene07_1080p__f00001830.png,data\frames\HR\Roco_scene07_1080p__f00001830.png
train,Roco_scene07_1080p,data\frames\LR_bicubic_X2\Roco_scene07_1080p__f00001860.png,data\frames\HR\Roco_scene07_1080p__f00001860.png
train,Roco_scene07_1080p,data\frames\LR_bicubic_X2\Roco_scene07_1080p__f00001890.png,data\frames\HR\Roco_scene07_1080p__f00001890.png
train,Roco_scene07_1080p,data\frames\LR_bicubic_X2\Roco_scene07_1080p__f00001920.png,data\frames\HR\Roco_scene07_1080p__f00001920.png
train,Roco_scene07_1080p,data\frames\LR_bicubic_X2\Roco_scene07_1080p__f00001950.png,data\frames\HR\Roco_scene07_1080p__f00001950.png
train,Roco_scene07_1080p,data\frames\LR_bicubic_X2\Roco_scene07_1080p__f00001980.png,data\frames\HR\Roco_scene07_1080p__f00001980.png
train,Roco_scene07_1080p,data\frames\LR_bicubic_X2\Roco_scene07_1080p__f00002010.png,data\frames\HR\Roco_scene07_1080p__f00002010.png
train,Roco_scene07_1080p,data\frames\LR_bicubic_X2\Roco_scene07_1080p__f00002040.png,data\frames\HR\Roco_scene07_1080p__f00002040.png
train,Roco_scene07_1080p,data\frames\LR_bicubic_X2\Roco_scene07_1080p__f00002070.png,data\frames\HR\Roco_scene07_1080p__f00002070.png
train,Roco_scene07_1080p,data\frames\LR_bicubic_X2\Roco_scene07_1080p__f00002100.png,data\frames\HR\Roco_scene07_1080p__f00002100.png
train,Roco_scene07_1080p,data\frames\LR_bicubic_X2\Roco_scene07_1080p__f00002130.png,data\frames\HR\Roco_scene07_1080p__f00002130.png
train,Roco_scene07_1080p,data\frames\LR_bicubic_X2\Roco_scene07_1080p__f00002160.png,data\frames\HR\Roco_scene07_1080p__f00002160.png
train,Roco_scene07_1080p,data\frames\LR_bicubic_X2\Roco_scene07_1080p__f00002190.png,data\frames\HR\Roco_scene07_1080p__f00002190.png
train,Roco_scene07_1080p,data\frames\LR_bicubic_X2\Roco_scene07_1080p__f00002220.png,data\frames\HR\Roco_scene07_1080p__f00002220.png
train,Roco_scene07_1080p,data\frames\LR_bicubic_X2\Roco_scene07_1080p__f00002250.png,data\frames\HR\Roco_scene07_1080p__f00002250.png
train,Roco_scene07_1080p,data\frames\LR_bicubic_X2\Roco_scene07_1080p__f00002280.png,data\frames\HR\Roco_scene07_1080p__f00002280.png
train,Roco_scene07_1080p,data\frames\LR_bicubic_X2\Roco_scene07_1080p__f00002310.png,data\frames\HR\Roco_scene07_1080p__f00002310.png
train,Roco_scene07_1080p,data\frames\LR_bicubic_X2\Roco_scene07_1080p__f00002340.png,data\frames\HR\Roco_scene07_1080p__f00002340.png
train,Roco_scene07_1080p,data\frames\LR_bicubic_X2\Roco_scene07_1080p__f00002370.png,data\frames\HR\Roco_scene07_1080p__f00002370.png
train,Roco_scene07_1080p,data\frames\LR_bicubic_X2\Roco_scene07_1080p__f00002400.png,data\frames\HR\Roco_scene07_1080p__f00002400.png
train,Roco_scene07_1080p,data\frames\LR_bicubic_X2\Roco_scene07_1080p__f00002430.png,data\frames\HR\Roco_scene07_1080p__f00002430.png
train,Roco_scene07_1080p,data\frames\LR_bicubic_X2\Roco_scene07_1080p__f00002460.png,data\frames\HR\Roco_scene07_1080p__f00002460.png
train,Roco_scene07_1080p,data\frames\LR_bicubic_X2\Roco_scene07_1080p__f00002490.png,data\frames\HR\Roco_scene07_1080p__f00002490.png
train,Roco_scene07_1080p,data\frames\LR_bicubic_X2\Roco_scene07_1080p__f00002520.png,data\frames\HR\Roco_scene07_1080p__f00002520.png
train,Roco_scene07_1080p,data\frames\LR_bicubic_X2\Roco_scene07_1080p__f00002550.png,data\frames\HR\Roco_scene07_1080p__f00002550.png
train,Roco_scene07_1080p,data\frames\LR_bicubic_X2\Roco_scene07_1080p__f00002580.png,data\frames\HR\Roco_scene07_1080p__f00002580.png
train,Roco_scene07_1080p,data\frames\LR_bicubic_X2\Roco_scene07_1080p__f00002610.png,data\frames\HR\Roco_scene07_1080p__f00002610.png
train,Roco_scene07_1080p,data\frames\LR_bicubic_X2\Roco_scene07_1080p__f00002640.png,data\frames\HR\Roco_scene07_1080p__f00002640.png
train,Roco_scene07_1080p,data\frames\LR_bicubic_X2\Roco_scene07_1080p__f00002670.png,data\frames\HR\Roco_scene07_1080p__f00002670.png
train,Roco_scene07_1080p,data\frames\LR_bicubic_X2\Roco_scene07_1080p__f00002700.png,data\frames\HR\Roco_scene07_1080p__f00002700.png
train,Roco_scene07_1080p,data\frames\LR_bicubic_X2\Roco_scene07_1080p__f00002730.png,data\frames\HR\Roco_scene07_1080p__f00002730.png
train,Roco_scene07_1080p,data\frames\LR_bicubic_X2\Roco_scene07_1080p__f00002760.png,data\frames\HR\Roco_scene07_1080p__f00002760.png
train,Roco_scene07_1080p,data\frames\LR_bicubic_X2\Roco_scene07_1080p__f00002790.png,data\frames\HR\Roco_scene07_1080p__f00002790.png
train,Roco_scene07_1080p,data\frames\LR_bicubic_X2\Roco_scene07_1080p__f00002820.png,data\frames\HR\Roco_scene07_1080p__f00002820.png
train,Roco_scene07_1080p,data\frames\LR_bicubic_X2\Roco_scene07_1080p__f00002850.png,data\frames\HR\Roco_scene07_1080p__f00002850.png
train,Roco_scene07_1080p,data\frames\LR_bicubic_X2\Roco_scene07_1080p__f00002880.png,data\frames\HR\Roco_scene07_1080p__f00002880.png
train,Roco_scene07_1080p,data\frames\LR_bicubic_X2\Roco_scene07_1080p__f00002910.png,data\frames\HR\Roco_scene07_1080p__f00002910.png
train,Roco_scene07_1080p,data\frames\LR_bicubic_X2\Roco_scene07_1080p__f00002940.png,data\frames\HR\Roco_scene07_1080p__f00002940.png
train,Roco_scene07_1080p,data\frames\LR_bicubic_X2\Roco_scene07_1080p__f00002970.png,data\frames\HR\Roco_scene07_1080p__f00002970.png
train,Roco_scene07_1080p,data\frames\LR_bicubic_X2\Roco_scene07_1080p__f00003000.png,data\frames\HR\Roco_scene07_1080p__f00003000.png
train,Roco_scene07_1080p,data\frames\LR_bicubic_X2\Roco_scene07_1080p__f00003030.png,data\frames\HR\Roco_scene07_1080p__f00003030.png
train,Roco_scene07_1080p,data\frames\LR_bicubic_X2\Roco_scene07_1080p__f00003060.png,data\frames\HR\Roco_scene07_1080p__f00003060.png
train,Roco_scene07_1080p,data\frames\LR_bicubic_X2\Roco_scene07_1080p__f00003090.png,data\frames\HR\Roco_scene07_1080p__f00003090.png
train,Roco_scene07_1080p,data\frames\LR_bicubic_X2\Roco_scene07_1080p__f00003120.png,data\frames\HR\Roco_scene07_1080p__f00003120.png
train,Roco_scene07_1080p,data\frames\LR_bicubic_X2\Roco_scene07_1080p__f00003150.png,data\frames\HR\Roco_scene07_1080p__f00003150.png
train,Roco_scene07_1080p,data\frames\LR_bicubic_X2\Roco_scene07_1080p__f00003180.png,data\frames\HR\Roco_scene07_1080p__f00003180.png
train,Roco_scene07_1080p,data\frames\LR_bicubic_X2\Roco_scene07_1080p__f00003210.png,data\frames\HR\Roco_scene07_1080p__f00003210.png
train,Roco_scene07_1080p,data\frames\LR_bicubic_X2\Roco_scene07_1080p__f00003240.png,data\frames\HR\Roco_scene07_1080p__f00003240.png
train,Roco_scene07_1080p,data\frames\LR_bicubic_X2\Roco_scene07_1080p__f00003270.png,data\frames\HR\Roco_scene07_1080p__f00003270.png
train,Roco_scene07_1080p,data\frames\LR_bicubic_X2\Roco_scene07_1080p__f00003300.png,data\frames\HR\Roco_scene07_1080p__f00003300.png
train,Roco_scene07_1080p,data\frames\LR_bicubic_X2\Roco_scene07_1080p__f00003330.png,data\frames\HR\Roco_scene07_1080p__f00003330.png
train,Roco_scene07_1080p,data\frames\LR_bicubic_X2\Roco_scene07_1080p__f00003360.png,data\frames\HR\Roco_scene07_1080p__f00003360.png
train,Roco_scene07_1080p,data\frames\LR_bicubic_X2\Roco_scene07_1080p__f00003390.png,data\frames\HR\Roco_scene07_1080p__f00003390.png
train,Roco_scene07_1080p,data\frames\LR_bicubic_X2\Roco_scene07_1080p__f00003420.png,data\frames\HR\Roco_scene07_1080p__f00003420.png
train,Roco_scene07_1080p,data\frames\LR_bicubic_X2\Roco_scene07_1080p__f00003450.png,data\frames\HR\Roco_scene07_1080p__f00003450.png
train,Roco_scene07_1080p,data\frames\LR_bicubic_X2\Roco_scene07_1080p__f00003480.png,data\frames\HR\Roco_scene07_1080p__f00003480.png
train,Roco_scene07_1080p,data\frames\LR_bicubic_X2\Roco_scene07_1080p__f00003510.png,data\frames\HR\Roco_scene07_1080p__f00003510.png
train,Roco_scene07_1080p,data\frames\LR_bicubic_X2\Roco_scene07_1080p__f00003540.png,data\frames\HR\Roco_scene07_1080p__f00003540.png
train,Roco_scene07_1080p,data\frames\LR_bicubic_X2\Roco_scene07_1080p__f00003570.png,data\frames\HR\Roco_scene07_1080p__f00003570.png
train,Roco_scene07_1080p,data\frames\LR_bicubic_X2\Roco_scene07_1080p__f00003600.png,data\frames\HR\Roco_scene07_1080p__f00003600.png
train,Roco_scene07_1080p,data\frames\LR_bicubic_X2\Roco_scene07_1080p__f00003630.png,data\frames\HR\Roco_scene07_1080p__f00003630.png
train,Roco_scene07_1080p,data\frames\LR_bicubic_X2\Roco_scene07_1080p__f00003660.png,data\frames\HR\Roco_scene07_1080p__f00003660.png
train,Roco_scene07_1080p,data\frames\LR_bicubic_X2\Roco_scene07_1080p__f00003690.png,data\frames\HR\Roco_scene07_1080p__f00003690.png
train,Roco_scene07_1080p,data\frames\LR_bicubic_X2\Roco_scene07_1080p__f00003720.png,data\frames\HR\Roco_scene07_1080p__f00003720.png
train,Roco_scene07_1080p,data\frames\LR_bicubic_X2\Roco_scene07_1080p__f00003750.png,data\frames\HR\Roco_scene07_1080p__f00003750.png
train,Roco_scene07_1080p,data\frames\LR_bicubic_X2\Roco_scene07_1080p__f00003780.png,data\frames\HR\Roco_scene07_1080p__f00003780.png
train,Roco_scene07_1080p,data\frames\LR_bicubic_X2\Roco_scene07_1080p__f00003810.png,data\frames\HR\Roco_scene07_1080p__f00003810.png
train,Roco_scene07_1080p,data\frames\LR_bicubic_X2\Roco_scene07_1080p__f00003840.png,data\frames\HR\Roco_scene07_1080p__f00003840.png
train,Roco_scene07_1080p,data\frames\LR_bicubic_X2\Roco_scene07_1080p__f00003870.png,data\frames\HR\Roco_scene07_1080p__f00003870.png
train,Roco_scene07_1080p,data\frames\LR_bicubic_X2\Roco_scene07_1080p__f00003900.png,data\frames\HR\Roco_scene07_1080p__f00003900.png
train,Roco_scene07_1080p,data\frames\LR_bicubic_X2\Roco_scene07_1080p__f00003930.png,data\frames\HR\Roco_scene07_1080p__f00003930.png
train,Roco_scene07_1080p,data\frames\LR_bicubic_X2\Roco_scene07_1080p__f00003960.png,data\frames\HR\Roco_scene07_1080p__f00003960.png
train,Roco_scene07_1080p,data\frames\LR_bicubic_X2\Roco_scene07_1080p__f00003990.png,data\frames\HR\Roco_scene07_1080p__f00003990.png
train,Roco_scene07_1080p,data\frames\LR_bicubic_X2\Roco_scene07_1080p__f00004020.png,data\frames\HR\Roco_scene07_1080p__f00004020.png
train,Roco_scene07_1080p,data\frames\LR_bicubic_X2\Roco_scene07_1080p__f00004050.png,data\frames\HR\Roco_scene07_1080p__f00004050.png
train,Roco_scene07_1080p,data\frames\LR_bicubic_X2\Roco_scene07_1080p__f00004080.png,data\frames\HR\Roco_scene07_1080p__f00004080.png
train,Roco_scene07_1080p,data\frames\LR_bicubic_X2\Roco_scene07_1080p__f00004110.png,data\frames\HR\Roco_scene07_1080p__f00004110.png
train,Roco_scene07_1080p,data\frames\LR_bicubic_X2\Roco_scene07_1080p__f00004140.png,data\frames\HR\Roco_scene07_1080p__f00004140.png
train,Roco_scene07_1080p,data\frames\LR_bicubic_X2\Roco_scene07_1080p__f00004170.png,data\frames\HR\Roco_scene07_1080p__f00004170.png
train,Roco_scene07_1080p,data\frames\LR_bicubic_X2\Roco_scene07_1080p__f00004200.png,data\frames\HR\Roco_scene07_1080p__f00004200.png
train,Roco_scene07_1080p,data\frames\LR_bicubic_X2\Roco_scene07_1080p__f00004230.png,data\frames\HR\Roco_scene07_1080p__f00004230.png
train,Roco_scene07_1080p,data\frames\LR_bicubic_X2\Roco_scene07_1080p__f00004260.png,data\frames\HR\Roco_scene07_1080p__f00004260.png
train,Roco_scene07_1080p,data\frames\LR_bicubic_X2\Roco_scene07_1080p__f00004290.png,data\frames\HR\Roco_scene07_1080p__f00004290.png
train,Roco_scene07_1080p,data\frames\LR_bicubic_X2\Roco_scene07_1080p__f00004320.png,data\frames\HR\Roco_scene07_1080p__f00004320.png
train,Roco_scene07_1080p,data\frames\LR_bicubic_X2\Roco_scene07_1080p__f00004350.png,data\frames\HR\Roco_scene07_1080p__f00004350.png
train,Roco_scene07_1080p,data\frames\LR_bicubic_X2\Roco_scene07_1080p__f00004380.png,data\frames\HR\Roco_scene07_1080p__f00004380.png
train,Roco_scene07_1080p,data\frames\LR_bicubic_X2\Roco_scene07_1080p__f00004410.png,data\frames\HR\Roco_scene07_1080p__f00004410.png
train,Roco_scene07_1080p,data\frames\LR_bicubic_X2\Roco_scene07_1080p__f00004440.png,data\frames\HR\Roco_scene07_1080p__f00004440.png
train,Roco_scene07_1080p,data\frames\LR_bicubic_X2\Roco_scene07_1080p__f00004470.png,data\frames\HR\Roco_scene07_1080p__f00004470.png
train,Roco_scene07_1080p,data\frames\LR_bicubic_X2\Roco_scene07_1080p__f00004500.png,data\frames\HR\Roco_scene07_1080p__f00004500.png
train,Roco_scene07_1080p,data\frames\LR_bicubic_X2\Roco_scene07_1080p__f00004530.png,data\frames\HR\Roco_scene07_1080p__f00004530.png
train,Roco_scene07_1080p,data\frames\LR_bicubic_X2\Roco_scene07_1080p__f00004560.png,data\frames\HR\Roco_scene07_1080p__f00004560.png
train,Roco_scene07_1080p,data\frames\LR_bicubic_X2\Roco_scene07_1080p__f00004590.png,data\frames\HR\Roco_scene07_1080p__f00004590.png
train,Roco_scene07_1080p,data\frames\LR_bicubic_X2\Roco_scene07_1080p__f00004620.png,data\frames\HR\Roco_scene07_1080p__f00004620.png
train,Roco_scene07_1080p,data\frames\LR_bicubic_X2\Roco_scene07_1080p__f00004650.png,data\frames\HR\Roco_scene07_1080p__f00004650.png
train,Roco_scene07_1080p,data\frames\LR_bicubic_X2\Roco_scene07_1080p__f00004680.png,data\frames\HR\Roco_scene07_1080p__f00004680.png
train,Roco_scene07_1080p,data\frames\LR_bicubic_X2\Roco_scene07_1080p__f00004710.png,data\frames\HR\Roco_scene07_1080p__f00004710.png
train,Roco_scene07_1080p,data\frames\LR_bicubic_X2\Roco_scene07_1080p__f00004740.png,data\frames\HR\Roco_scene07_1080p__f00004740.png
train,Roco_scene07_1080p,data\frames\LR_bicubic_X2\Roco_scene07_1080p__f00004770.png,data\frames\HR\Roco_scene07_1080p__f00004770.png
train,Roco_scene07_1080p,data\frames\LR_bicubic_X2\Roco_scene07_1080p__f00004800.png,data\frames\HR\Roco_scene07_1080p__f00004800.png
train,Roco_scene07_1080p,data\frames\LR_bicubic_X2\Roco_scene07_1080p__f00004830.png,data\frames\HR\Roco_scene07_1080p__f00004830.png
train,Roco_scene07_1080p,data\frames\LR_bicubic_X2\Roco_scene07_1080p__f00004860.png,data\frames\HR\Roco_scene07_1080p__f00004860.png
train,Roco_scene07_1080p,data\frames\LR_bicubic_X2\Roco_scene07_1080p__f00004890.png,data\frames\HR\Roco_scene07_1080p__f00004890.png
train,Roco_scene07_1080p,data\frames\LR_bicubic_X2\Roco_scene07_1080p__f00004920.png,data\frames\HR\Roco_scene07_1080p__f00004920.png
train,Roco_scene07_1080p,data\frames\LR_bicubic_X2\Roco_scene07_1080p__f00004950.png,data\frames\HR\Roco_scene07_1080p__f00004950.png
train,Roco_scene07_1080p,data\frames\LR_bicubic_X2\Roco_scene07_1080p__f00004980.png,data\frames\HR\Roco_scene07_1080p__f00004980.png
train,Roco_scene07_1080p,data\frames\LR_bicubic_X2\Roco_scene07_1080p__f00005010.png,data\frames\HR\Roco_scene07_1080p__f00005010.png
train,Roco_scene07_1080p,data\frames\LR_bicubic_X2\Roco_scene07_1080p__f00005040.png,data\frames\HR\Roco_scene07_1080p__f00005040.png
train,Roco_scene07_1080p,data\frames\LR_bicubic_X2\Roco_scene07_1080p__f00005070.png,data\frames\HR\Roco_scene07_1080p__f00005070.png
train,Roco_scene07_1080p,data\frames\LR_bicubic_X2\Roco_scene07_1080p__f00005100.png,data\frames\HR\Roco_scene07_1080p__f00005100.png
train,Roco_scene07_1080p,data\frames\LR_bicubic_X2\Roco_scene07_1080p__f00005130.png,data\frames\HR\Roco_scene07_1080p__f00005130.png
train,Roco_scene07_1080p,data\frames\LR_bicubic_X2\Roco_scene07_1080p__f00005160.png,data\frames\HR\Roco_scene07_1080p__f00005160.png
train,Roco_scene07_1080p,data\frames\LR_bicubic_X2\Roco_scene07_1080p__f00005190.png,data\frames\HR\Roco_scene07_1080p__f00005190.png
train,Roco_scene07_1080p,data\frames\LR_bicubic_X2\Roco_scene07_1080p__f00005220.png,data\frames\HR\Roco_scene07_1080p__f00005220.png
train,Roco_scene07_1080p,data\frames\LR_bicubic_X2\Roco_scene07_1080p__f00005250.png,data\frames\HR\Roco_scene07_1080p__f00005250.png
train,Roco_scene07_1080p,data\frames\LR_bicubic_X2\Roco_scene07_1080p__f00005280.png,data\frames\HR\Roco_scene07_1080p__f00005280.png
train,Roco_scene07_1080p,data\frames\LR_bicubic_X2\Roco_scene07_1080p__f00005310.png,data\frames\HR\Roco_scene07_1080p__f00005310.png
train,Roco_scene07_1080p,data\frames\LR_bicubic_X2\Roco_scene07_1080p__f00005340.png,data\frames\HR\Roco_scene07_1080p__f00005340.png
train,Roco_scene07_1080p,data\frames\LR_bicubic_X2\Roco_scene07_1080p__f00005370.png,data\frames\HR\Roco_scene07_1080p__f00005370.png
train,Roco_scene07_1080p,data\frames\LR_bicubic_X2\Roco_scene07_1080p__f00005400.png,data\frames\HR\Roco_scene07_1080p__f00005400.png
train,Roco_scene07_1080p,data\frames\LR_bicubic_X2\Roco_scene07_1080p__f00005430.png,data\frames\HR\Roco_scene07_1080p__f00005430.png
train,Roco_scene07_1080p,data\frames\LR_bicubic_X2\Roco_scene07_1080p__f00005460.png,data\frames\HR\Roco_scene07_1080p__f00005460.png
train,Roco_scene07_1080p,data\frames\LR_bicubic_X2\Roco_scene07_1080p__f00005490.png,data\frames\HR\Roco_scene07_1080p__f00005490.png
train,Roco_scene07_1080p,data\frames\LR_bicubic_X2\Roco_scene07_1080p__f00005520.png,data\frames\HR\Roco_scene07_1080p__f00005520.png
train,Roco_scene07_1080p,data\frames\LR_bicubic_X2\Roco_scene07_1080p__f00005550.png,data\frames\HR\Roco_scene07_1080p__f00005550.png
train,Roco_scene07_1080p,data\frames\LR_bicubic_X2\Roco_scene07_1080p__f00005580.png,data\frames\HR\Roco_scene07_1080p__f00005580.png
train,Roco_scene07_1080p,data\frames\LR_bicubic_X2\Roco_scene07_1080p__f00005610.png,data\frames\HR\Roco_scene07_1080p__f00005610.png
train,Roco_scene07_1080p,data\frames\LR_bicubic_X2\Roco_scene07_1080p__f00005640.png,data\frames\HR\Roco_scene07_1080p__f00005640.png
train,Roco_scene07_1080p,data\frames\LR_bicubic_X2\Roco_scene07_1080p__f00005670.png,data\frames\HR\Roco_scene07_1080p__f00005670.png
train,Roco_scene07_1080p,data\frames\LR_bicubic_X2\Roco_scene07_1080p__f00005700.png,data\frames\HR\Roco_scene07_1080p__f00005700.png
train,Roco_scene07_1080p,data\frames\LR_bicubic_X2\Roco_scene07_1080p__f00005730.png,data\frames\HR\Roco_scene07_1080p__f00005730.png
train,Roco_scene07_1080p,data\frames\LR_bicubic_X2\Roco_scene07_1080p__f00005760.png,data\frames\HR\Roco_scene07_1080p__f00005760.png
train,Roco_scene07_1080p,data\frames\LR_bicubic_X2\Roco_scene07_1080p__f00005790.png,data\frames\HR\Roco_scene07_1080p__f00005790.png
train,Roco_scene07_1080p,data\frames\LR_bicubic_X2\Roco_scene07_1080p__f00005820.png,data\frames\HR\Roco_scene07_1080p__f00005820.png
train,Roco_scene07_1080p,data\frames\LR_bicubic_X2\Roco_scene07_1080p__f00005850.png,data\frames\HR\Roco_scene07_1080p__f00005850.png
train,Roco_scene07_1080p,data\frames\LR_bicubic_X2\Roco_scene07_1080p__f00005880.png,data\frames\HR\Roco_scene07_1080p__f00005880.png
train,Roco_scene07_1080p,data\frames\LR_bicubic_X2\Roco_scene07_1080p__f00005910.png,data\frames\HR\Roco_scene07_1080p__f00005910.png
train,Roco_scene07_1080p,data\frames\LR_bicubic_X2\Roco_scene07_1080p__f00005940.png,data\frames\HR\Roco_scene07_1080p__f00005940.png
train,Roco_scene07_1080p,data\frames\LR_bicubic_X2\Roco_scene07_1080p__f00005970.png,data\frames\HR\Roco_scene07_1080p__f00005970.png
train,Roco_scene07_1080p,data\frames\LR_bicubic_X2\Roco_scene07_1080p__f00006000.png,data\frames\HR\Roco_scene07_1080p__f00006000.png
train,Roco_scene07_1080p,data\frames\LR_bicubic_X2\Roco_scene07_1080p__f00006030.png,data\frames\HR\Roco_scene07_1080p__f00006030.png
train,Roco_scene07_1080p,data\frames\LR_bicubic_X2\Roco_scene07_1080p__f00006060.png,data\frames\HR\Roco_scene07_1080p__f00006060.png
train,Roco_scene07_1080p,data\frames\LR_bicubic_X2\Roco_scene07_1080p__f00006090.png,data\frames\HR\Roco_scene07_1080p__f00006090.png
train,Roco_scene07_1080p,data\frames\LR_bicubic_X2\Roco_scene07_1080p__f00006120.png,data\frames\HR\Roco_scene07_1080p__f00006120.png
train,Roco_scene07_1080p,data\frames\LR_bicubic_X2\Roco_scene07_1080p__f00006150.png,data\frames\HR\Roco_scene07_1080p__f00006150.png
train,Roco_scene07_1080p,data\frames\LR_bicubic_X2\Roco_scene07_1080p__f00006180.png,data\frames\HR\Roco_scene07_1080p__f00006180.png
train,Roco_scene07_1080p,data\frames\LR_bicubic_X2\Roco_scene07_1080p__f00006210.png,data\frames\HR\Roco_scene07_1080p__f00006210.png
train,Roco_scene07_1080p,data\frames\LR_bicubic_X2\Roco_scene07_1080p__f00006240.png,data\frames\HR\Roco_scene07_1080p__f00006240.png
train,Roco_scene07_1080p,data\frames\LR_bicubic_X2\Roco_scene07_1080p__f00006270.png,data\frames\HR\Roco_scene07_1080p__f00006270.png
train,Roco_scene07_1080p,data\frames\LR_bicubic_X2\Roco_scene07_1080p__f00006300.png,data\frames\HR\Roco_scene07_1080p__f00006300.png
train,Roco_scene07_1080p,data\frames\LR_bicubic_X2\Roco_scene07_1080p__f00006330.png,data\frames\HR\Roco_scene07_1080p__f00006330.png
train,Roco_scene07_1080p,data\frames\LR_bicubic_X2\Roco_scene07_1080p__f00006360.png,data\frames\HR\Roco_scene07_1080p__f00006360.png
train,Roco_scene07_1080p,data\frames\LR_bicubic_X2\Roco_scene07_1080p__f00006390.png,data\frames\HR\Roco_scene07_1080p__f00006390.png
train,Roco_scene07_1080p,data\frames\LR_bicubic_X2\Roco_scene07_1080p__f00006420.png,data\frames\HR\Roco_scene07_1080p__f00006420.png
train,Roco_scene07_1080p,data\frames\LR_bicubic_X2\Roco_scene07_1080p__f00006450.png,data\frames\HR\Roco_scene07_1080p__f00006450.png
train,Roco_scene07_1080p,data\frames\LR_bicubic_X2\Roco_scene07_1080p__f00006480.png,data\frames\HR\Roco_scene07_1080p__f00006480.png
train,Roco_scene07_1080p,data\frames\LR_bicubic_X2\Roco_scene07_1080p__f00006510.png,data\frames\HR\Roco_scene07_1080p__f00006510.png
train,Roco_scene07_1080p,data\frames\LR_bicubic_X2\Roco_scene07_1080p__f00006540.png,data\frames\HR\Roco_scene07_1080p__f00006540.png
train,Roco_scene07_1080p,data\frames\LR_bicubic_X2\Roco_scene07_1080p__f00006570.png,data\frames\HR\Roco_scene07_1080p__f00006570.png
train,Roco_scene07_1080p,data\frames\LR_bicubic_X2\Roco_scene07_1080p__f00006600.png,data\frames\HR\Roco_scene07_1080p__f00006600.png
train,Roco_scene07_1080p,data\frames\LR_bicubic_X2\Roco_scene07_1080p__f00006630.png,data\frames\HR\Roco_scene07_1080p__f00006630.png
train,Roco_scene07_1080p,data\frames\LR_bicubic_X2\Roco_scene07_1080p__f00006660.png,data\frames\HR\Roco_scene07_1080p__f00006660.png
train,Roco_scene07_1080p,data\frames\LR_bicubic_X2\Roco_scene07_1080p__f00006690.png,data\frames\HR\Roco_scene07_1080p__f00006690.png
train,Roco_scene07_1080p,data\frames\LR_bicubic_X2\Roco_scene07_1080p__f00006720.png,data\frames\HR\Roco_scene07_1080p__f00006720.png
train,Roco_scene07_1080p,data\frames\LR_bicubic_X2\Roco_scene07_1080p__f00006750.png,data\frames\HR\Roco_scene07_1080p__f00006750.png
train,Roco_scene07_1080p,data\frames\LR_bicubic_X2\Roco_scene07_1080p__f00006780.png,data\frames\HR\Roco_scene07_1080p__f00006780.png
train,Roco_scene07_1080p,data\frames\LR_bicubic_X2\Roco_scene07_1080p__f00006810.png,data\frames\HR\Roco_scene07_1080p__f00006810.png
train,Roco_scene07_1080p,data\frames\LR_bicubic_X2\Roco_scene07_1080p__f00006840.png,data\frames\HR\Roco_scene07_1080p__f00006840.png
train,Roco_scene07_1080p,data\frames\LR_bicubic_X2\Roco_scene07_1080p__f00006870.png,data\frames\HR\Roco_scene07_1080p__f00006870.png
train,Roco_scene07_1080p,data\frames\LR_bicubic_X2\Roco_scene07_1080p__f00006900.png,data\frames\HR\Roco_scene07_1080p__f00006900.png
train,Roco_scene07_1080p,data\frames\LR_bicubic_X2\Roco_scene07_1080p__f00006930.png,data\frames\HR\Roco_scene07_1080p__f00006930.png
train,Roco_scene08_1080p,data\frames\LR_bicubic_X2\Roco_scene08_1080p__f00000000.png,data\frames\HR\Roco_scene08_1080p__f00000000.png
train,Roco_scene08_1080p,data\frames\LR_bicubic_X2\Roco_scene08_1080p__f00000030.png,data\frames\HR\Roco_scene08_1080p__f00000030.png
train,Roco_scene08_1080p,data\frames\LR_bicubic_X2\Roco_scene08_1080p__f00000060.png,data\frames\HR\Roco_scene08_1080p__f00000060.png
train,Roco_scene08_1080p,data\frames\LR_bicubic_X2\Roco_scene08_1080p__f00000090.png,data\frames\HR\Roco_scene08_1080p__f00000090.png
train,Roco_scene08_1080p,data\frames\LR_bicubic_X2\Roco_scene08_1080p__f00000120.png,data\frames\HR\Roco_scene08_1080p__f00000120.png
train,Roco_scene08_1080p,data\frames\LR_bicubic_X2\Roco_scene08_1080p__f00000150.png,data\frames\HR\Roco_scene08_1080p__f00000150.png
train,Roco_scene08_1080p,data\frames\LR_bicubic_X2\Roco_scene08_1080p__f00000180.png,data\frames\HR\Roco_scene08_1080p__f00000180.png
train,Roco_scene08_1080p,data\frames\LR_bicubic_X2\Roco_scene08_1080p__f00000210.png,data\frames\HR\Roco_scene08_1080p__f00000210.png
train,Roco_scene08_1080p,data\frames\LR_bicubic_X2\Roco_scene08_1080p__f00000240.png,data\frames\HR\Roco_scene08_1080p__f00000240.png
train,Roco_scene08_1080p,data\frames\LR_bicubic_X2\Roco_scene08_1080p__f00000270.png,data\frames\HR\Roco_scene08_1080p__f00000270.png
train,Roco_scene08_1080p,data\frames\LR_bicubic_X2\Roco_scene08_1080p__f00000300.png,data\frames\HR\Roco_scene08_1080p__f00000300.png
train,Roco_scene08_1080p,data\frames\LR_bicubic_X2\Roco_scene08_1080p__f00000330.png,data\frames\HR\Roco_scene08_1080p__f00000330.png
train,Roco_scene08_1080p,data\frames\LR_bicubic_X2\Roco_scene08_1080p__f00000360.png,data\frames\HR\Roco_scene08_1080p__f00000360.png
train,Roco_scene08_1080p,data\frames\LR_bicubic_X2\Roco_scene08_1080p__f00000390.png,data\frames\HR\Roco_scene08_1080p__f00000390.png
train,Roco_scene08_1080p,data\frames\LR_bicubic_X2\Roco_scene08_1080p__f00000420.png,data\frames\HR\Roco_scene08_1080p__f00000420.png
train,Roco_scene08_1080p,data\frames\LR_bicubic_X2\Roco_scene08_1080p__f00000450.png,data\frames\HR\Roco_scene08_1080p__f00000450.png
train,Roco_scene08_1080p,data\frames\LR_bicubic_X2\Roco_scene08_1080p__f00000480.png,data\frames\HR\Roco_scene08_1080p__f00000480.png
train,Roco_scene08_1080p,data\frames\LR_bicubic_X2\Roco_scene08_1080p__f00000510.png,data\frames\HR\Roco_scene08_1080p__f00000510.png
train,Roco_scene08_1080p,data\frames\LR_bicubic_X2\Roco_scene08_1080p__f00000540.png,data\frames\HR\Roco_scene08_1080p__f00000540.png
train,Roco_scene08_1080p,data\frames\LR_bicubic_X2\Roco_scene08_1080p__f00000570.png,data\frames\HR\Roco_scene08_1080p__f00000570.png
train,Roco_scene08_1080p,data\frames\LR_bicubic_X2\Roco_scene08_1080p__f00000600.png,data\frames\HR\Roco_scene08_1080p__f00000600.png
train,Roco_scene08_1080p,data\frames\LR_bicubic_X2\Roco_scene08_1080p__f00000630.png,data\frames\HR\Roco_scene08_1080p__f00000630.png
train,Roco_scene08_1080p,data\frames\LR_bicubic_X2\Roco_scene08_1080p__f00000660.png,data\frames\HR\Roco_scene08_1080p__f00000660.png
train,Roco_scene08_1080p,data\frames\LR_bicubic_X2\Roco_scene08_1080p__f00000690.png,data\frames\HR\Roco_scene08_1080p__f00000690.png
train,Roco_scene08_1080p,data\frames\LR_bicubic_X2\Roco_scene08_1080p__f00000720.png,data\frames\HR\Roco_scene08_1080p__f00000720.png
train,Roco_scene08_1080p,data\frames\LR_bicubic_X2\Roco_scene08_1080p__f00000750.png,data\frames\HR\Roco_scene08_1080p__f00000750.png
train,Roco_scene08_1080p,data\frames\LR_bicubic_X2\Roco_scene08_1080p__f00000780.png,data\frames\HR\Roco_scene08_1080p__f00000780.png
train,Roco_scene08_1080p,data\frames\LR_bicubic_X2\Roco_scene08_1080p__f00000810.png,data\frames\HR\Roco_scene08_1080p__f00000810.png
train,Roco_scene08_1080p,data\frames\LR_bicubic_X2\Roco_scene08_1080p__f00000840.png,data\frames\HR\Roco_scene08_1080p__f00000840.png
train,Roco_scene08_1080p,data\frames\LR_bicubic_X2\Roco_scene08_1080p__f00000870.png,data\frames\HR\Roco_scene08_1080p__f00000870.png
train,Roco_scene08_1080p,data\frames\LR_bicubic_X2\Roco_scene08_1080p__f00000900.png,data\frames\HR\Roco_scene08_1080p__f00000900.png
train,Roco_scene08_1080p,data\frames\LR_bicubic_X2\Roco_scene08_1080p__f00000930.png,data\frames\HR\Roco_scene08_1080p__f00000930.png
train,Roco_scene08_1080p,data\frames\LR_bicubic_X2\Roco_scene08_1080p__f00000960.png,data\frames\HR\Roco_scene08_1080p__f00000960.png
train,Roco_scene08_1080p,data\frames\LR_bicubic_X2\Roco_scene08_1080p__f00000990.png,data\frames\HR\Roco_scene08_1080p__f00000990.png
train,Roco_scene08_1080p,data\frames\LR_bicubic_X2\Roco_scene08_1080p__f00001020.png,data\frames\HR\Roco_scene08_1080p__f00001020.png
train,Roco_scene08_1080p,data\frames\LR_bicubic_X2\Roco_scene08_1080p__f00001050.png,data\frames\HR\Roco_scene08_1080p__f00001050.png
train,Roco_scene08_1080p,data\frames\LR_bicubic_X2\Roco_scene08_1080p__f00001080.png,data\frames\HR\Roco_scene08_1080p__f00001080.png
train,Roco_scene08_1080p,data\frames\LR_bicubic_X2\Roco_scene08_1080p__f00001110.png,data\frames\HR\Roco_scene08_1080p__f00001110.png
train,Roco_scene08_1080p,data\frames\LR_bicubic_X2\Roco_scene08_1080p__f00001140.png,data\frames\HR\Roco_scene08_1080p__f00001140.png
train,Roco_scene08_1080p,data\frames\LR_bicubic_X2\Roco_scene08_1080p__f00001170.png,data\frames\HR\Roco_scene08_1080p__f00001170.png
train,Roco_scene08_1080p,data\frames\LR_bicubic_X2\Roco_scene08_1080p__f00001200.png,data\frames\HR\Roco_scene08_1080p__f00001200.png
train,Roco_scene08_1080p,data\frames\LR_bicubic_X2\Roco_scene08_1080p__f00001230.png,data\frames\HR\Roco_scene08_1080p__f00001230.png
train,Roco_scene08_1080p,data\frames\LR_bicubic_X2\Roco_scene08_1080p__f00001260.png,data\frames\HR\Roco_scene08_1080p__f00001260.png
train,Roco_scene08_1080p,data\frames\LR_bicubic_X2\Roco_scene08_1080p__f00001290.png,data\frames\HR\Roco_scene08_1080p__f00001290.png
train,Roco_scene08_1080p,data\frames\LR_bicubic_X2\Roco_scene08_1080p__f00001320.png,data\frames\HR\Roco_scene08_1080p__f00001320.png
train,Roco_scene08_1080p,data\frames\LR_bicubic_X2\Roco_scene08_1080p__f00001350.png,data\frames\HR\Roco_scene08_1080p__f00001350.png
train,Roco_scene08_1080p,data\frames\LR_bicubic_X2\Roco_scene08_1080p__f00001380.png,data\frames\HR\Roco_scene08_1080p__f00001380.png
train,Roco_scene08_1080p,data\frames\LR_bicubic_X2\Roco_scene08_1080p__f00001410.png,data\frames\HR\Roco_scene08_1080p__f00001410.png
train,Roco_scene08_1080p,data\frames\LR_bicubic_X2\Roco_scene08_1080p__f00001440.png,data\frames\HR\Roco_scene08_1080p__f00001440.png
train,Roco_scene08_1080p,data\frames\LR_bicubic_X2\Roco_scene08_1080p__f00001470.png,data\frames\HR\Roco_scene08_1080p__f00001470.png
train,Roco_scene08_1080p,data\frames\LR_bicubic_X2\Roco_scene08_1080p__f00001500.png,data\frames\HR\Roco_scene08_1080p__f00001500.png
train,Roco_scene08_1080p,data\frames\LR_bicubic_X2\Roco_scene08_1080p__f00001530.png,data\frames\HR\Roco_scene08_1080p__f00001530.png
train,Roco_scene08_1080p,data\frames\LR_bicubic_X2\Roco_scene08_1080p__f00001560.png,data\frames\HR\Roco_scene08_1080p__f00001560.png
train,Roco_scene08_1080p,data\frames\LR_bicubic_X2\Roco_scene08_1080p__f00001590.png,data\frames\HR\Roco_scene08_1080p__f00001590.png
train,Roco_scene08_1080p,data\frames\LR_bicubic_X2\Roco_scene08_1080p__f00001620.png,data\frames\HR\Roco_scene08_1080p__f00001620.png
train,Roco_scene08_1080p,data\frames\LR_bicubic_X2\Roco_scene08_1080p__f00001650.png,data\frames\HR\Roco_scene08_1080p__f00001650.png
train,Roco_scene08_1080p,data\frames\LR_bicubic_X2\Roco_scene08_1080p__f00001680.png,data\frames\HR\Roco_scene08_1080p__f00001680.png
train,Roco_scene08_1080p,data\frames\LR_bicubic_X2\Roco_scene08_1080p__f00001710.png,data\frames\HR\Roco_scene08_1080p__f00001710.png
train,Roco_scene08_1080p,data\frames\LR_bicubic_X2\Roco_scene08_1080p__f00001740.png,data\frames\HR\Roco_scene08_1080p__f00001740.png
train,Roco_scene08_1080p,data\frames\LR_bicubic_X2\Roco_scene08_1080p__f00001770.png,data\frames\HR\Roco_scene08_1080p__f00001770.png
train,Roco_scene08_1080p,data\frames\LR_bicubic_X2\Roco_scene08_1080p__f00001800.png,data\frames\HR\Roco_scene08_1080p__f00001800.png
train,Roco_scene08_1080p,data\frames\LR_bicubic_X2\Roco_scene08_1080p__f00001830.png,data\frames\HR\Roco_scene08_1080p__f00001830.png
train,Roco_scene08_1080p,data\frames\LR_bicubic_X2\Roco_scene08_1080p__f00001860.png,data\frames\HR\Roco_scene08_1080p__f00001860.png
train,Roco_scene08_1080p,data\frames\LR_bicubic_X2\Roco_scene08_1080p__f00001890.png,data\frames\HR\Roco_scene08_1080p__f00001890.png
train,Roco_scene08_1080p,data\frames\LR_bicubic_X2\Roco_scene08_1080p__f00001920.png,data\frames\HR\Roco_scene08_1080p__f00001920.png
train,Roco_scene08_1080p,data\frames\LR_bicubic_X2\Roco_scene08_1080p__f00001950.png,data\frames\HR\Roco_scene08_1080p__f00001950.png
train,Roco_scene08_1080p,data\frames\LR_bicubic_X2\Roco_scene08_1080p__f00001980.png,data\frames\HR\Roco_scene08_1080p__f00001980.png
train,Roco_scene08_1080p,data\frames\LR_bicubic_X2\Roco_scene08_1080p__f00002010.png,data\frames\HR\Roco_scene08_1080p__f00002010.png
train,Roco_scene08_1080p,data\frames\LR_bicubic_X2\Roco_scene08_1080p__f00002040.png,data\frames\HR\Roco_scene08_1080p__f00002040.png
train,Roco_scene08_1080p,data\frames\LR_bicubic_X2\Roco_scene08_1080p__f00002070.png,data\frames\HR\Roco_scene08_1080p__f00002070.png
train,Roco_scene08_1080p,data\frames\LR_bicubic_X2\Roco_scene08_1080p__f00002100.png,data\frames\HR\Roco_scene08_1080p__f00002100.png
train,Roco_scene08_1080p,data\frames\LR_bicubic_X2\Roco_scene08_1080p__f00002130.png,data\frames\HR\Roco_scene08_1080p__f00002130.png
train,Roco_scene08_1080p,data\frames\LR_bicubic_X2\Roco_scene08_1080p__f00002160.png,data\frames\HR\Roco_scene08_1080p__f00002160.png
train,Roco_scene08_1080p,data\frames\LR_bicubic_X2\Roco_scene08_1080p__f00002190.png,data\frames\HR\Roco_scene08_1080p__f00002190.png
train,Roco_scene08_1080p,data\frames\LR_bicubic_X2\Roco_scene08_1080p__f00002220.png,data\frames\HR\Roco_scene08_1080p__f00002220.png
train,Roco_scene08_1080p,data\frames\LR_bicubic_X2\Roco_scene08_1080p__f00002250.png,data\frames\HR\Roco_scene08_1080p__f00002250.png
train,Roco_scene08_1080p,data\frames\LR_bicubic_X2\Roco_scene08_1080p__f00002280.png,data\frames\HR\Roco_scene08_1080p__f00002280.png
train,Roco_scene08_1080p,data\frames\LR_bicubic_X2\Roco_scene08_1080p__f00002310.png,data\frames\HR\Roco_scene08_1080p__f00002310.png
train,Roco_scene08_1080p,data\frames\LR_bicubic_X2\Roco_scene08_1080p__f00002340.png,data\frames\HR\Roco_scene08_1080p__f00002340.png
train,Roco_scene08_1080p,data\frames\LR_bicubic_X2\Roco_scene08_1080p__f00002370.png,data\frames\HR\Roco_scene08_1080p__f00002370.png
train,Roco_scene08_1080p,data\frames\LR_bicubic_X2\Roco_scene08_1080p__f00002400.png,data\frames\HR\Roco_scene08_1080p__f00002400.png
train,Roco_scene08_1080p,data\frames\LR_bicubic_X2\Roco_scene08_1080p__f00002430.png,data\frames\HR\Roco_scene08_1080p__f00002430.png
train,Roco_scene08_1080p,data\frames\LR_bicubic_X2\Roco_scene08_1080p__f00002460.png,data\frames\HR\Roco_scene08_1080p__f00002460.png
train,Roco_scene08_1080p,data\frames\LR_bicubic_X2\Roco_scene08_1080p__f00002490.png,data\frames\HR\Roco_scene08_1080p__f00002490.png
train,Roco_scene08_1080p,data\frames\LR_bicubic_X2\Roco_scene08_1080p__f00002520.png,data\frames\HR\Roco_scene08_1080p__f00002520.png
train,Roco_scene08_1080p,data\frames\LR_bicubic_X2\Roco_scene08_1080p__f00002550.png,data\frames\HR\Roco_scene08_1080p__f00002550.png
train,Roco_scene08_1080p,data\frames\LR_bicubic_X2\Roco_scene08_1080p__f00002580.png,data\frames\HR\Roco_scene08_1080p__f00002580.png
train,Roco_scene08_1080p,data\frames\LR_bicubic_X2\Roco_scene08_1080p__f00002610.png,data\frames\HR\Roco_scene08_1080p__f00002610.png
train,Roco_scene08_1080p,data\frames\LR_bicubic_X2\Roco_scene08_1080p__f00002640.png,data\frames\HR\Roco_scene08_1080p__f00002640.png
train,Roco_scene08_1080p,data\frames\LR_bicubic_X2\Roco_scene08_1080p__f00002670.png,data\frames\HR\Roco_scene08_1080p__f00002670.png
train,Roco_scene08_1080p,data\frames\LR_bicubic_X2\Roco_scene08_1080p__f00002700.png,data\frames\HR\Roco_scene08_1080p__f00002700.png
train,Roco_scene08_1080p,data\frames\LR_bicubic_X2\Roco_scene08_1080p__f00002730.png,data\frames\HR\Roco_scene08_1080p__f00002730.png
train,Roco_scene08_1080p,data\frames\LR_bicubic_X2\Roco_scene08_1080p__f00002760.png,data\frames\HR\Roco_scene08_1080p__f00002760.png
train,Roco_scene08_1080p,data\frames\LR_bicubic_X2\Roco_scene08_1080p__f00002790.png,data\frames\HR\Roco_scene08_1080p__f00002790.png
train,Roco_scene08_1080p,data\frames\LR_bicubic_X2\Roco_scene08_1080p__f00002820.png,data\frames\HR\Roco_scene08_1080p__f00002820.png
train,Roco_scene08_1080p,data\frames\LR_bicubic_X2\Roco_scene08_1080p__f00002850.png,data\frames\HR\Roco_scene08_1080p__f00002850.png
train,Roco_scene08_1080p,data\frames\LR_bicubic_X2\Roco_scene08_1080p__f00002880.png,data\frames\HR\Roco_scene08_1080p__f00002880.png
train,Roco_scene08_1080p,data\frames\LR_bicubic_X2\Roco_scene08_1080p__f00002910.png,data\frames\HR\Roco_scene08_1080p__f00002910.png
train,Roco_scene08_1080p,data\frames\LR_bicubic_X2\Roco_scene08_1080p__f00002940.png,data\frames\HR\Roco_scene08_1080p__f00002940.png
train,Roco_scene08_1080p,data\frames\LR_bicubic_X2\Roco_scene08_1080p__f00002970.png,data\frames\HR\Roco_scene08_1080p__f00002970.png
train,Roco_scene08_1080p,data\frames\LR_bicubic_X2\Roco_scene08_1080p__f00003000.png,data\frames\HR\Roco_scene08_1080p__f00003000.png
train,Roco_scene08_1080p,data\frames\LR_bicubic_X2\Roco_scene08_1080p__f00003030.png,data\frames\HR\Roco_scene08_1080p__f00003030.png
train,Roco_scene08_1080p,data\frames\LR_bicubic_X2\Roco_scene08_1080p__f00003060.png,data\frames\HR\Roco_scene08_1080p__f00003060.png
train,Roco_scene08_1080p,data\frames\LR_bicubic_X2\Roco_scene08_1080p__f00003090.png,data\frames\HR\Roco_scene08_1080p__f00003090.png
train,Roco_scene08_1080p,data\frames\LR_bicubic_X2\Roco_scene08_1080p__f00003120.png,data\frames\HR\Roco_scene08_1080p__f00003120.png
train,Roco_scene08_1080p,data\frames\LR_bicubic_X2\Roco_scene08_1080p__f00003150.png,data\frames\HR\Roco_scene08_1080p__f00003150.png
train,Roco_scene08_1080p,data\frames\LR_bicubic_X2\Roco_scene08_1080p__f00003180.png,data\frames\HR\Roco_scene08_1080p__f00003180.png
train,Roco_scene08_1080p,data\frames\LR_bicubic_X2\Roco_scene08_1080p__f00003210.png,data\frames\HR\Roco_scene08_1080p__f00003210.png
train,Roco_scene08_1080p,data\frames\LR_bicubic_X2\Roco_scene08_1080p__f00003240.png,data\frames\HR\Roco_scene08_1080p__f00003240.png
train,Roco_scene08_1080p,data\frames\LR_bicubic_X2\Roco_scene08_1080p__f00003270.png,data\frames\HR\Roco_scene08_1080p__f00003270.png
train,Roco_scene08_1080p,data\frames\LR_bicubic_X2\Roco_scene08_1080p__f00003300.png,data\frames\HR\Roco_scene08_1080p__f00003300.png
train,Roco_scene08_1080p,data\frames\LR_bicubic_X2\Roco_scene08_1080p__f00003330.png,data\frames\HR\Roco_scene08_1080p__f00003330.png
train,Roco_scene08_1080p,data\frames\LR_bicubic_X2\Roco_scene08_1080p__f00003360.png,data\frames\HR\Roco_scene08_1080p__f00003360.png
train,Roco_scene08_1080p,data\frames\LR_bicubic_X2\Roco_scene08_1080p__f00003390.png,data\frames\HR\Roco_scene08_1080p__f00003390.png
train,Roco_scene08_1080p,data\frames\LR_bicubic_X2\Roco_scene08_1080p__f00003420.png,data\frames\HR\Roco_scene08_1080p__f00003420.png
train,Roco_scene08_1080p,data\frames\LR_bicubic_X2\Roco_scene08_1080p__f00003450.png,data\frames\HR\Roco_scene08_1080p__f00003450.png
train,Roco_scene08_1080p,data\frames\LR_bicubic_X2\Roco_scene08_1080p__f00003480.png,data\frames\HR\Roco_scene08_1080p__f00003480.png
train,Roco_scene08_1080p,data\frames\LR_bicubic_X2\Roco_scene08_1080p__f00003510.png,data\frames\HR\Roco_scene08_1080p__f00003510.png
train,Roco_scene08_1080p,data\frames\LR_bicubic_X2\Roco_scene08_1080p__f00003540.png,data\frames\HR\Roco_scene08_1080p__f00003540.png
train,Roco_scene08_1080p,data\frames\LR_bicubic_X2\Roco_scene08_1080p__f00003570.png,data\frames\HR\Roco_scene08_1080p__f00003570.png
train,Roco_scene08_1080p,data\frames\LR_bicubic_X2\Roco_scene08_1080p__f00003600.png,data\frames\HR\Roco_scene08_1080p__f00003600.png
train,Roco_scene08_1080p,data\frames\LR_bicubic_X2\Roco_scene08_1080p__f00003630.png,data\frames\HR\Roco_scene08_1080p__f00003630.png
train,Roco_scene08_1080p,data\frames\LR_bicubic_X2\Roco_scene08_1080p__f00003660.png,data\frames\HR\Roco_scene08_1080p__f00003660.png
train,Roco_scene08_1080p,data\frames\LR_bicubic_X2\Roco_scene08_1080p__f00003690.png,data\frames\HR\Roco_scene08_1080p__f00003690.png
train,Roco_scene08_1080p,data\frames\LR_bicubic_X2\Roco_scene08_1080p__f00003720.png,data\frames\HR\Roco_scene08_1080p__f00003720.png
train,Roco_scene08_1080p,data\frames\LR_bicubic_X2\Roco_scene08_1080p__f00003750.png,data\frames\HR\Roco_scene08_1080p__f00003750.png
train,Roco_scene08_1080p,data\frames\LR_bicubic_X2\Roco_scene08_1080p__f00003780.png,data\frames\HR\Roco_scene08_1080p__f00003780.png
train,Roco_scene08_1080p,data\frames\LR_bicubic_X2\Roco_scene08_1080p__f00003810.png,data\frames\HR\Roco_scene08_1080p__f00003810.png
train,Roco_scene08_1080p,data\frames\LR_bicubic_X2\Roco_scene08_1080p__f00003840.png,data\frames\HR\Roco_scene08_1080p__f00003840.png
train,Roco_scene08_1080p,data\frames\LR_bicubic_X2\Roco_scene08_1080p__f00003870.png,data\frames\HR\Roco_scene08_1080p__f00003870.png
train,Roco_scene08_1080p,data\frames\LR_bicubic_X2\Roco_scene08_1080p__f00003900.png,data\frames\HR\Roco_scene08_1080p__f00003900.png
train,Roco_scene08_1080p,data\frames\LR_bicubic_X2\Roco_scene08_1080p__f00003930.png,data\frames\HR\Roco_scene08_1080p__f00003930.png
train,Roco_scene08_1080p,data\frames\LR_bicubic_X2\Roco_scene08_1080p__f00003960.png,data\frames\HR\Roco_scene08_1080p__f00003960.png
train,Roco_scene08_1080p,data\frames\LR_bicubic_X2\Roco_scene08_1080p__f00003990.png,data\frames\HR\Roco_scene08_1080p__f00003990.png
train,Roco_scene08_1080p,data\frames\LR_bicubic_X2\Roco_scene08_1080p__f00004020.png,data\frames\HR\Roco_scene08_1080p__f00004020.png
train,Roco_scene08_1080p,data\frames\LR_bicubic_X2\Roco_scene08_1080p__f00004050.png,data\frames\HR\Roco_scene08_1080p__f00004050.png
train,Roco_scene08_1080p,data\frames\LR_bicubic_X2\Roco_scene08_1080p__f00004080.png,data\frames\HR\Roco_scene08_1080p__f00004080.png
train,Roco_scene08_1080p,data\frames\LR_bicubic_X2\Roco_scene08_1080p__f00004110.png,data\frames\HR\Roco_scene08_1080p__f00004110.png
train,Roco_scene08_1080p,data\frames\LR_bicubic_X2\Roco_scene08_1080p__f00004140.png,data\frames\HR\Roco_scene08_1080p__f00004140.png
train,Roco_scene08_1080p,data\frames\LR_bicubic_X2\Roco_scene08_1080p__f00004170.png,data\frames\HR\Roco_scene08_1080p__f00004170.png
train,Roco_scene08_1080p,data\frames\LR_bicubic_X2\Roco_scene08_1080p__f00004200.png,data\frames\HR\Roco_scene08_1080p__f00004200.png
train,Roco_scene08_1080p,data\frames\LR_bicubic_X2\Roco_scene08_1080p__f00004230.png,data\frames\HR\Roco_scene08_1080p__f00004230.png
train,Roco_scene08_1080p,data\frames\LR_bicubic_X2\Roco_scene08_1080p__f00004260.png,data\frames\HR\Roco_scene08_1080p__f00004260.png
train,Roco_scene08_1080p,data\frames\LR_bicubic_X2\Roco_scene08_1080p__f00004290.png,data\frames\HR\Roco_scene08_1080p__f00004290.png
train,Roco_scene08_1080p,data\frames\LR_bicubic_X2\Roco_scene08_1080p__f00004320.png,data\frames\HR\Roco_scene08_1080p__f00004320.png
train,Roco_scene08_1080p,data\frames\LR_bicubic_X2\Roco_scene08_1080p__f00004350.png,data\frames\HR\Roco_scene08_1080p__f00004350.png
train,Roco_scene08_1080p,data\frames\LR_bicubic_X2\Roco_scene08_1080p__f00004380.png,data\frames\HR\Roco_scene08_1080p__f00004380.png
train,Roco_scene08_1080p,data\frames\LR_bicubic_X2\Roco_scene08_1080p__f00004410.png,data\frames\HR\Roco_scene08_1080p__f00004410.png
train,Roco_scene08_1080p,data\frames\LR_bicubic_X2\Roco_scene08_1080p__f00004440.png,data\frames\HR\Roco_scene08_1080p__f00004440.png
train,Roco_scene08_1080p,data\frames\LR_bicubic_X2\Roco_scene08_1080p__f00004470.png,data\frames\HR\Roco_scene08_1080p__f00004470.png
train,Roco_scene08_1080p,data\frames\LR_bicubic_X2\Roco_scene08_1080p__f00004500.png,data\frames\HR\Roco_scene08_1080p__f00004500.png
train,Roco_scene08_1080p,data\frames\LR_bicubic_X2\Roco_scene08_1080p__f00004530.png,data\frames\HR\Roco_scene08_1080p__f00004530.png
train,Roco_scene08_1080p,data\frames\LR_bicubic_X2\Roco_scene08_1080p__f00004560.png,data\frames\HR\Roco_scene08_1080p__f00004560.png
train,Roco_scene08_1080p,data\frames\LR_bicubic_X2\Roco_scene08_1080p__f00004590.png,data\frames\HR\Roco_scene08_1080p__f00004590.png
train,Roco_scene08_1080p,data\frames\LR_bicubic_X2\Roco_scene08_1080p__f00004620.png,data\frames\HR\Roco_scene08_1080p__f00004620.png
train,Roco_scene08_1080p,data\frames\LR_bicubic_X2\Roco_scene08_1080p__f00004650.png,data\frames\HR\Roco_scene08_1080p__f00004650.png
train,Roco_scene08_1080p,data\frames\LR_bicubic_X2\Roco_scene08_1080p__f00004680.png,data\frames\HR\Roco_scene08_1080p__f00004680.png
train,Roco_scene08_1080p,data\frames\LR_bicubic_X2\Roco_scene08_1080p__f00004710.png,data\frames\HR\Roco_scene08_1080p__f00004710.png
train,Roco_scene08_1080p,data\frames\LR_bicubic_X2\Roco_scene08_1080p__f00004740.png,data\frames\HR\Roco_scene08_1080p__f00004740.png
train,Roco_scene08_1080p,data\frames\LR_bicubic_X2\Roco_scene08_1080p__f00004770.png,data\frames\HR\Roco_scene08_1080p__f00004770.png
train,Roco_scene08_1080p,data\frames\LR_bicubic_X2\Roco_scene08_1080p__f00004800.png,data\frames\HR\Roco_scene08_1080p__f00004800.png
train,Roco_scene08_1080p,data\frames\LR_bicubic_X2\Roco_scene08_1080p__f00004830.png,data\frames\HR\Roco_scene08_1080p__f00004830.png
train,Roco_scene08_1080p,data\frames\LR_bicubic_X2\Roco_scene08_1080p__f00004860.png,data\frames\HR\Roco_scene08_1080p__f00004860.png
train,Roco_scene08_1080p,data\frames\LR_bicubic_X2\Roco_scene08_1080p__f00004890.png,data\frames\HR\Roco_scene08_1080p__f00004890.png
train,Roco_scene08_1080p,data\frames\LR_bicubic_X2\Roco_scene08_1080p__f00004920.png,data\frames\HR\Roco_scene08_1080p__f00004920.png
train,Roco_scene08_1080p,data\frames\LR_bicubic_X2\Roco_scene08_1080p__f00004950.png,data\frames\HR\Roco_scene08_1080p__f00004950.png
train,Roco_scene08_1080p,data\frames\LR_bicubic_X2\Roco_scene08_1080p__f00004980.png,data\frames\HR\Roco_scene08_1080p__f00004980.png
train,Roco_scene08_1080p,data\frames\LR_bicubic_X2\Roco_scene08_1080p__f00005010.png,data\frames\HR\Roco_scene08_1080p__f00005010.png
train,Roco_scene08_1080p,data\frames\LR_bicubic_X2\Roco_scene08_1080p__f00005040.png,data\frames\HR\Roco_scene08_1080p__f00005040.png
train,Roco_scene08_1080p,data\frames\LR_bicubic_X2\Roco_scene08_1080p__f00005070.png,data\frames\HR\Roco_scene08_1080p__f00005070.png
train,Roco_scene08_1080p,data\frames\LR_bicubic_X2\Roco_scene08_1080p__f00005100.png,data\frames\HR\Roco_scene08_1080p__f00005100.png
train,Roco_scene08_1080p,data\frames\LR_bicubic_X2\Roco_scene08_1080p__f00005130.png,data\frames\HR\Roco_scene08_1080p__f00005130.png
train,Roco_scene08_1080p,data\frames\LR_bicubic_X2\Roco_scene08_1080p__f00005160.png,data\frames\HR\Roco_scene08_1080p__f00005160.png
train,Roco_scene08_1080p,data\frames\LR_bicubic_X2\Roco_scene08_1080p__f00005190.png,data\frames\HR\Roco_scene08_1080p__f00005190.png
train,Roco_scene08_1080p,data\frames\LR_bicubic_X2\Roco_scene08_1080p__f00005220.png,data\frames\HR\Roco_scene08_1080p__f00005220.png
train,Roco_scene08_1080p,data\frames\LR_bicubic_X2\Roco_scene08_1080p__f00005250.png,data\frames\HR\Roco_scene08_1080p__f00005250.png
train,Roco_scene08_1080p,data\frames\LR_bicubic_X2\Roco_scene08_1080p__f00005280.png,data\frames\HR\Roco_scene08_1080p__f00005280.png
train,Roco_scene08_1080p,data\frames\LR_bicubic_X2\Roco_scene08_1080p__f00005310.png,data\frames\HR\Roco_scene08_1080p__f00005310.png
train,Roco_scene08_1080p,data\frames\LR_bicubic_X2\Roco_scene08_1080p__f00005340.png,data\frames\HR\Roco_scene08_1080p__f00005340.png
train,Roco_scene08_1080p,data\frames\LR_bicubic_X2\Roco_scene08_1080p__f00005370.png,data\frames\HR\Roco_scene08_1080p__f00005370.png
train,Roco_scene08_1080p,data\frames\LR_bicubic_X2\Roco_scene08_1080p__f00005400.png,data\frames\HR\Roco_scene08_1080p__f00005400.png
train,Roco_scene08_1080p,data\frames\LR_bicubic_X2\Roco_scene08_1080p__f00005430.png,data\frames\HR\Roco_scene08_1080p__f00005430.png
train,Roco_scene08_1080p,data\frames\LR_bicubic_X2\Roco_scene08_1080p__f00005460.png,data\frames\HR\Roco_scene08_1080p__f00005460.png
train,Roco_scene08_1080p,data\frames\LR_bicubic_X2\Roco_scene08_1080p__f00005490.png,data\frames\HR\Roco_scene08_1080p__f00005490.png
train,Roco_scene08_1080p,data\frames\LR_bicubic_X2\Roco_scene08_1080p__f00005520.png,data\frames\HR\Roco_scene08_1080p__f00005520.png
train,Roco_scene08_1080p,data\frames\LR_bicubic_X2\Roco_scene08_1080p__f00005550.png,data\frames\HR\Roco_scene08_1080p__f00005550.png
train,Roco_scene08_1080p,data\frames\LR_bicubic_X2\Roco_scene08_1080p__f00005580.png,data\frames\HR\Roco_scene08_1080p__f00005580.png
train,Roco_scene08_1080p,data\frames\LR_bicubic_X2\Roco_scene08_1080p__f00005610.png,data\frames\HR\Roco_scene08_1080p__f00005610.png
train,Roco_scene08_1080p,data\frames\LR_bicubic_X2\Roco_scene08_1080p__f00005640.png,data\frames\HR\Roco_scene08_1080p__f00005640.png
train,Roco_scene08_1080p,data\frames\LR_bicubic_X2\Roco_scene08_1080p__f00005670.png,data\frames\HR\Roco_scene08_1080p__f00005670.png
train,Roco_scene08_1080p,data\frames\LR_bicubic_X2\Roco_scene08_1080p__f00005700.png,data\frames\HR\Roco_scene08_1080p__f00005700.png
train,Roco_scene08_1080p,data\frames\LR_bicubic_X2\Roco_scene08_1080p__f00005730.png,data\frames\HR\Roco_scene08_1080p__f00005730.png
train,Roco_scene08_1080p,data\frames\LR_bicubic_X2\Roco_scene08_1080p__f00005760.png,data\frames\HR\Roco_scene08_1080p__f00005760.png
train,Roco_scene08_1080p,data\frames\LR_bicubic_X2\Roco_scene08_1080p__f00005790.png,data\frames\HR\Roco_scene08_1080p__f00005790.png
train,Roco_scene08_1080p,data\frames\LR_bicubic_X2\Roco_scene08_1080p__f00005820.png,data\frames\HR\Roco_scene08_1080p__f00005820.png
train,Roco_scene08_1080p,data\frames\LR_bicubic_X2\Roco_scene08_1080p__f00005850.png,data\frames\HR\Roco_scene08_1080p__f00005850.png
train,Roco_scene08_1080p,data\frames\LR_bicubic_X2\Roco_scene08_1080p__f00005880.png,data\frames\HR\Roco_scene08_1080p__f00005880.png
train,Roco_scene08_1080p,data\frames\LR_bicubic_X2\Roco_scene08_1080p__f00005910.png,data\frames\HR\Roco_scene08_1080p__f00005910.png
train,Roco_scene08_1080p,data\frames\LR_bicubic_X2\Roco_scene08_1080p__f00005940.png,data\frames\HR\Roco_scene08_1080p__f00005940.png
train,Roco_scene08_1080p,data\frames\LR_bicubic_X2\Roco_scene08_1080p__f00005970.png,data\frames\HR\Roco_scene08_1080p__f00005970.png
train,Roco_scene08_1080p,data\frames\LR_bicubic_X2\Roco_scene08_1080p__f00006000.png,data\frames\HR\Roco_scene08_1080p__f00006000.png
train,Roco_scene08_1080p,data\frames\LR_bicubic_X2\Roco_scene08_1080p__f00006030.png,data\frames\HR\Roco_scene08_1080p__f00006030.png
train,Roco_scene08_1080p,data\frames\LR_bicubic_X2\Roco_scene08_1080p__f00006060.png,data\frames\HR\Roco_scene08_1080p__f00006060.png
train,Roco_scene08_1080p,data\frames\LR_bicubic_X2\Roco_scene08_1080p__f00006090.png,data\frames\HR\Roco_scene08_1080p__f00006090.png
train,Roco_scene08_1080p,data\frames\LR_bicubic_X2\Roco_scene08_1080p__f00006120.png,data\frames\HR\Roco_scene08_1080p__f00006120.png
train,Roco_scene08_1080p,data\frames\LR_bicubic_X2\Roco_scene08_1080p__f00006150.png,data\frames\HR\Roco_scene08_1080p__f00006150.png
train,Roco_scene08_1080p,data\frames\LR_bicubic_X2\Roco_scene08_1080p__f00006180.png,data\frames\HR\Roco_scene08_1080p__f00006180.png
train,Roco_scene08_1080p,data\frames\LR_bicubic_X2\Roco_scene08_1080p__f00006210.png,data\frames\HR\Roco_scene08_1080p__f00006210.png
train,Roco_scene08_1080p,data\frames\LR_bicubic_X2\Roco_scene08_1080p__f00006240.png,data\frames\HR\Roco_scene08_1080p__f00006240.png
train,Roco_scene08_1080p,data\frames\LR_bicubic_X2\Roco_scene08_1080p__f00006270.png,data\frames\HR\Roco_scene08_1080p__f00006270.png
train,Roco_scene08_1080p,data\frames\LR_bicubic_X2\Roco_scene08_1080p__f00006300.png,data\frames\HR\Roco_scene08_1080p__f00006300.png
train,Roco_scene08_1080p,data\frames\LR_bicubic_X2\Roco_scene08_1080p__f00006330.png,data\frames\HR\Roco_scene08_1080p__f00006330.png
train,Roco_scene08_1080p,data\frames\LR_bicubic_X2\Roco_scene08_1080p__f00006360.png,data\frames\HR\Roco_scene08_1080p__f00006360.png
train,Roco_scene08_1080p,data\frames\LR_bicubic_X2\Roco_scene08_1080p__f00006390.png,data\frames\HR\Roco_scene08_1080p__f00006390.png
train,Roco_scene08_1080p,data\frames\LR_bicubic_X2\Roco_scene08_1080p__f00006420.png,data\frames\HR\Roco_scene08_1080p__f00006420.png
train,Roco_scene08_1080p,data\frames\LR_bicubic_X2\Roco_scene08_1080p__f00006450.png,data\frames\HR\Roco_scene08_1080p__f00006450.png
train,Roco_scene08_1080p,data\frames\LR_bicubic_X2\Roco_scene08_1080p__f00006480.png,data\frames\HR\Roco_scene08_1080p__f00006480.png
train,Roco_scene08_1080p,data\frames\LR_bicubic_X2\Roco_scene08_1080p__f00006510.png,data\frames\HR\Roco_scene08_1080p__f00006510.png
train,Roco_scene08_1080p,data\frames\LR_bicubic_X2\Roco_scene08_1080p__f00006540.png,data\frames\HR\Roco_scene08_1080p__f00006540.png
train,Roco_scene08_1080p,data\frames\LR_bicubic_X2\Roco_scene08_1080p__f00006570.png,data\frames\HR\Roco_scene08_1080p__f00006570.png
train,Roco_scene08_1080p,data\frames\LR_bicubic_X2\Roco_scene08_1080p__f00006600.png,data\frames\HR\Roco_scene08_1080p__f00006600.png
train,Roco_scene08_1080p,data\frames\LR_bicubic_X2\Roco_scene08_1080p__f00006630.png,data\frames\HR\Roco_scene08_1080p__f00006630.png
train,Roco_scene08_1080p,data\frames\LR_bicubic_X2\Roco_scene08_1080p__f00006660.png,data\frames\HR\Roco_scene08_1080p__f00006660.png
train,Roco_scene08_1080p,data\frames\LR_bicubic_X2\Roco_scene08_1080p__f00006690.png,data\frames\HR\Roco_scene08_1080p__f00006690.png
train,Roco_scene08_1080p,data\frames\LR_bicubic_X2\Roco_scene08_1080p__f00006720.png,data\frames\HR\Roco_scene08_1080p__f00006720.png
train,Roco_scene08_1080p,data\frames\LR_bicubic_X2\Roco_scene08_1080p__f00006750.png,data\frames\HR\Roco_scene08_1080p__f00006750.png
train,Roco_scene08_1080p,data\frames\LR_bicubic_X2\Roco_scene08_1080p__f00006780.png,data\frames\HR\Roco_scene08_1080p__f00006780.png
train,Roco_scene08_1080p,data\frames\LR_bicubic_X2\Roco_scene08_1080p__f00006810.png,data\frames\HR\Roco_scene08_1080p__f00006810.png
train,Roco_scene08_1080p,data\frames\LR_bicubic_X2\Roco_scene08_1080p__f00006840.png,data\frames\HR\Roco_scene08_1080p__f00006840.png
train,Roco_scene08_1080p,data\frames\LR_bicubic_X2\Roco_scene08_1080p__f00006870.png,data\frames\HR\Roco_scene08_1080p__f00006870.png
train,Roco_scene08_1080p,data\frames\LR_bicubic_X2\Roco_scene08_1080p__f00006900.png,data\frames\HR\Roco_scene08_1080p__f00006900.png
train,Roco_scene08_1080p,data\frames\LR_bicubic_X2\Roco_scene08_1080p__f00006930.png,data\frames\HR\Roco_scene08_1080p__f00006930.png
train,Roco_scene08_1080p,data\frames\LR_bicubic_X2\Roco_scene08_1080p__f00006960.png,data\frames\HR\Roco_scene08_1080p__f00006960.png
train,Roco_scene08_1080p,data\frames\LR_bicubic_X2\Roco_scene08_1080p__f00006990.png,data\frames\HR\Roco_scene08_1080p__f00006990.png
train,Roco_scene08_1080p,data\frames\LR_bicubic_X2\Roco_scene08_1080p__f00007020.png,data\frames\HR\Roco_scene08_1080p__f00007020.png
train,Roco_scene08_1080p,data\frames\LR_bicubic_X2\Roco_scene08_1080p__f00007050.png,data\frames\HR\Roco_scene08_1080p__f00007050.png
train,Roco_scene08_1080p,data\frames\LR_bicubic_X2\Roco_scene08_1080p__f00007080.png,data\frames\HR\Roco_scene08_1080p__f00007080.png
train,Roco_scene08_1080p,data\frames\LR_bicubic_X2\Roco_scene08_1080p__f00007110.png,data\frames\HR\Roco_scene08_1080p__f00007110.png
train,Roco_scene08_1080p,data\frames\LR_bicubic_X2\Roco_scene08_1080p__f00007140.png,data\frames\HR\Roco_scene08_1080p__f00007140.png
train,Roco_scene08_1080p,data\frames\LR_bicubic_X2\Roco_scene08_1080p__f00007170.png,data\frames\HR\Roco_scene08_1080p__f00007170.png
train,Roco_scene08_1080p,data\frames\LR_bicubic_X2\Roco_scene08_1080p__f00007200.png,data\frames\HR\Roco_scene08_1080p__f00007200.png
train,Roco_scene08_1080p,data\frames\LR_bicubic_X2\Roco_scene08_1080p__f00007230.png,data\frames\HR\Roco_scene08_1080p__f00007230.png
train,Roco_scene08_1080p,data\frames\LR_bicubic_X2\Roco_scene08_1080p__f00007260.png,data\frames\HR\Roco_scene08_1080p__f00007260.png
train,Roco_scene08_1080p,data\frames\LR_bicubic_X2\Roco_scene08_1080p__f00007290.png,data\frames\HR\Roco_scene08_1080p__f00007290.png
train,Roco_scene08_1080p,data\frames\LR_bicubic_X2\Roco_scene08_1080p__f00007320.png,data\frames\HR\Roco_scene08_1080p__f00007320.png
train,Roco_scene08_1080p,data\frames\LR_bicubic_X2\Roco_scene08_1080p__f00007350.png,data\frames\HR\Roco_scene08_1080p__f00007350.png
train,Roco_scene08_1080p,data\frames\LR_bicubic_X2\Roco_scene08_1080p__f00007380.png,data\frames\HR\Roco_scene08_1080p__f00007380.png
train,Roco_scene08_1080p,data\frames\LR_bicubic_X2\Roco_scene08_1080p__f00007410.png,data\frames\HR\Roco_scene08_1080p__f00007410.png
train,Roco_scene08_1080p,data\frames\LR_bicubic_X2\Roco_scene08_1080p__f00007440.png,data\frames\HR\Roco_scene08_1080p__f00007440.png
train,Roco_scene08_1080p,data\frames\LR_bicubic_X2\Roco_scene08_1080p__f00007470.png,data\frames\HR\Roco_scene08_1080p__f00007470.png
train,Roco_scene08_1080p,data\frames\LR_bicubic_X2\Roco_scene08_1080p__f00007500.png,data\frames\HR\Roco_scene08_1080p__f00007500.png
train,Roco_scene08_1080p,data\frames\LR_bicubic_X2\Roco_scene08_1080p__f00007530.png,data\frames\HR\Roco_scene08_1080p__f00007530.png
train,Roco_scene08_1080p,data\frames\LR_bicubic_X2\Roco_scene08_1080p__f00007560.png,data\frames\HR\Roco_scene08_1080p__f00007560.png
train,Roco_scene08_1080p,data\frames\LR_bicubic_X2\Roco_scene08_1080p__f00007590.png,data\frames\HR\Roco_scene08_1080p__f00007590.png
train,Roco_scene08_1080p,data\frames\LR_bicubic_X2\Roco_scene08_1080p__f00007620.png,data\frames\HR\Roco_scene08_1080p__f00007620.png
train,Roco_scene08_1080p,data\frames\LR_bicubic_X2\Roco_scene08_1080p__f00007650.png,data\frames\HR\Roco_scene08_1080p__f00007650.png
train,Roco_scene08_1080p,data\frames\LR_bicubic_X2\Roco_scene08_1080p__f00007680.png,data\frames\HR\Roco_scene08_1080p__f00007680.png
train,Roco_scene08_1080p,data\frames\LR_bicubic_X2\Roco_scene08_1080p__f00007710.png,data\frames\HR\Roco_scene08_1080p__f00007710.png
train,Roco_scene08_1080p,data\frames\LR_bicubic_X2\Roco_scene08_1080p__f00007740.png,data\frames\HR\Roco_scene08_1080p__f00007740.png
train,Roco_scene08_1080p,data\frames\LR_bicubic_X2\Roco_scene08_1080p__f00007770.png,data\frames\HR\Roco_scene08_1080p__f00007770.png
train,Roco_scene08_1080p,data\frames\LR_bicubic_X2\Roco_scene08_1080p__f00007800.png,data\frames\HR\Roco_scene08_1080p__f00007800.png
train,Roco_scene08_1080p,data\frames\LR_bicubic_X2\Roco_scene08_1080p__f00007830.png,data\frames\HR\Roco_scene08_1080p__f00007830.png
train,Roco_scene08_1080p,data\frames\LR_bicubic_X2\Roco_scene08_1080p__f00007860.png,data\frames\HR\Roco_scene08_1080p__f00007860.png
train,Roco_scene08_1080p,data\frames\LR_bicubic_X2\Roco_scene08_1080p__f00007890.png,data\frames\HR\Roco_scene08_1080p__f00007890.png
train,Roco_scene08_1080p,data\frames\LR_bicubic_X2\Roco_scene08_1080p__f00007920.png,data\frames\HR\Roco_scene08_1080p__f00007920.png
train,Roco_scene08_1080p,data\frames\LR_bicubic_X2\Roco_scene08_1080p__f00007950.png,data\frames\HR\Roco_scene08_1080p__f00007950.png
train,Roco_scene08_1080p,data\frames\LR_bicubic_X2\Roco_scene08_1080p__f00007980.png,data\frames\HR\Roco_scene08_1080p__f00007980.png
train,Roco_scene08_1080p,data\frames\LR_bicubic_X2\Roco_scene08_1080p__f00008010.png,data\frames\HR\Roco_scene08_1080p__f00008010.png
train,Roco_scene08_1080p,data\frames\LR_bicubic_X2\Roco_scene08_1080p__f00008040.png,data\frames\HR\Roco_scene08_1080p__f00008040.png
train,Roco_scene08_1080p,data\frames\LR_bicubic_X2\Roco_scene08_1080p__f00008070.png,data\frames\HR\Roco_scene08_1080p__f00008070.png
train,Roco_scene08_1080p,data\frames\LR_bicubic_X2\Roco_scene08_1080p__f00008100.png,data\frames\HR\Roco_scene08_1080p__f00008100.png
train,Roco_scene08_1080p,data\frames\LR_bicubic_X2\Roco_scene08_1080p__f00008130.png,data\frames\HR\Roco_scene08_1080p__f00008130.png
train,Roco_scene08_1080p,data\frames\LR_bicubic_X2\Roco_scene08_1080p__f00008160.png,data\frames\HR\Roco_scene08_1080p__f00008160.png
train,Roco_scene08_1080p,data\frames\LR_bicubic_X2\Roco_scene08_1080p__f00008190.png,data\frames\HR\Roco_scene08_1080p__f00008190.png
train,Roco_scene08_1080p,data\frames\LR_bicubic_X2\Roco_scene08_1080p__f00008220.png,data\frames\HR\Roco_scene08_1080p__f00008220.png
train,Roco_scene08_1080p,data\frames\LR_bicubic_X2\Roco_scene08_1080p__f00008250.png,data\frames\HR\Roco_scene08_1080p__f00008250.png
train,Roco_scene08_1080p,data\frames\LR_bicubic_X2\Roco_scene08_1080p__f00008280.png,data\frames\HR\Roco_scene08_1080p__f00008280.png
train,Roco_scene08_1080p,data\frames\LR_bicubic_X2\Roco_scene08_1080p__f00008310.png,data\frames\HR\Roco_scene08_1080p__f00008310.png
train,Roco_scene08_1080p,data\frames\LR_bicubic_X2\Roco_scene08_1080p__f00008340.png,data\frames\HR\Roco_scene08_1080p__f00008340.png
train,Roco_scene08_1080p,data\frames\LR_bicubic_X2\Roco_scene08_1080p__f00008370.png,data\frames\HR\Roco_scene08_1080p__f00008370.png
train,Roco_scene08_1080p,data\frames\LR_bicubic_X2\Roco_scene08_1080p__f00008400.png,data\frames\HR\Roco_scene08_1080p__f00008400.png
train,Roco_scene08_1080p,data\frames\LR_bicubic_X2\Roco_scene08_1080p__f00008430.png,data\frames\HR\Roco_scene08_1080p__f00008430.png
train,Roco_scene08_1080p,data\frames\LR_bicubic_X2\Roco_scene08_1080p__f00008460.png,data\frames\HR\Roco_scene08_1080p__f00008460.png
train,Roco_scene08_1080p,data\frames\LR_bicubic_X2\Roco_scene08_1080p__f00008490.png,data\frames\HR\Roco_scene08_1080p__f00008490.png
train,Roco_scene08_1080p,data\frames\LR_bicubic_X2\Roco_scene08_1080p__f00008520.png,data\frames\HR\Roco_scene08_1080p__f00008520.png
train,Roco_scene08_1080p,data\frames\LR_bicubic_X2\Roco_scene08_1080p__f00008550.png,data\frames\HR\Roco_scene08_1080p__f00008550.png
train,Roco_scene08_1080p,data\frames\LR_bicubic_X2\Roco_scene08_1080p__f00008580.png,data\frames\HR\Roco_scene08_1080p__f00008580.png
train,Roco_scene08_1080p,data\frames\LR_bicubic_X2\Roco_scene08_1080p__f00008610.png,data\frames\HR\Roco_scene08_1080p__f00008610.png
train,Roco_scene08_1080p,data\frames\LR_bicubic_X2\Roco_scene08_1080p__f00008640.png,data\frames\HR\Roco_scene08_1080p__f00008640.png
train,Roco_scene08_1080p,data\frames\LR_bicubic_X2\Roco_scene08_1080p__f00008670.png,data\frames\HR\Roco_scene08_1080p__f00008670.png
train,Roco_scene08_1080p,data\frames\LR_bicubic_X2\Roco_scene08_1080p__f00008700.png,data\frames\HR\Roco_scene08_1080p__f00008700.png
train,Roco_scene08_1080p,data\frames\LR_bicubic_X2\Roco_scene08_1080p__f00008730.png,data\frames\HR\Roco_scene08_1080p__f00008730.png
train,Roco_scene08_1080p,data\frames\LR_bicubic_X2\Roco_scene08_1080p__f00008760.png,data\frames\HR\Roco_scene08_1080p__f00008760.png
train,Roco_scene08_1080p,data\frames\LR_bicubic_X2\Roco_scene08_1080p__f00008790.png,data\frames\HR\Roco_scene08_1080p__f00008790.png
train,Roco_scene08_1080p,data\frames\LR_bicubic_X2\Roco_scene08_1080p__f00008820.png,data\frames\HR\Roco_scene08_1080p__f00008820.png
train,Roco_scene08_1080p,data\frames\LR_bicubic_X2\Roco_scene08_1080p__f00008850.png,data\frames\HR\Roco_scene08_1080p__f00008850.png
train,Roco_scene08_1080p,data\frames\LR_bicubic_X2\Roco_scene08_1080p__f00008880.png,data\frames\HR\Roco_scene08_1080p__f00008880.png
train,Roco_scene08_1080p,data\frames\LR_bicubic_X2\Roco_scene08_1080p__f00008910.png,data\frames\HR\Roco_scene08_1080p__f00008910.png
train,Roco_scene08_1080p,data\frames\LR_bicubic_X2\Roco_scene08_1080p__f00008940.png,data\frames\HR\Roco_scene08_1080p__f00008940.png
train,Roco_scene08_1080p,data\frames\LR_bicubic_X2\Roco_scene08_1080p__f00008970.png,data\frames\HR\Roco_scene08_1080p__f00008970.png
train,Roco_scene08_1080p,data\frames\LR_bicubic_X2\Roco_scene08_1080p__f00009000.png,data\frames\HR\Roco_scene08_1080p__f00009000.png
train,Roco_scene08_1080p,data\frames\LR_bicubic_X2\Roco_scene08_1080p__f00009030.png,data\frames\HR\Roco_scene08_1080p__f00009030.png
train,Roco_scene08_1080p,data\frames\LR_bicubic_X2\Roco_scene08_1080p__f00009060.png,data\frames\HR\Roco_scene08_1080p__f00009060.png
train,Roco_scene08_1080p,data\frames\LR_bicubic_X2\Roco_scene08_1080p__f00009090.png,data\frames\HR\Roco_scene08_1080p__f00009090.png
train,Roco_scene08_1080p,data\frames\LR_bicubic_X2\Roco_scene08_1080p__f00009120.png,data\frames\HR\Roco_scene08_1080p__f00009120.png
train,Roco_scene08_1080p,data\frames\LR_bicubic_X2\Roco_scene08_1080p__f00009150.png,data\frames\HR\Roco_scene08_1080p__f00009150.png
train,Roco_scene08_1080p,data\frames\LR_bicubic_X2\Roco_scene08_1080p__f00009180.png,data\frames\HR\Roco_scene08_1080p__f00009180.png
train,Roco_scene08_1080p,data\frames\LR_bicubic_X2\Roco_scene08_1080p__f00009210.png,data\frames\HR\Roco_scene08_1080p__f00009210.png
train,Roco_scene08_1080p,data\frames\LR_bicubic_X2\Roco_scene08_1080p__f00009240.png,data\frames\HR\Roco_scene08_1080p__f00009240.png
train,Roco_scene08_1080p,data\frames\LR_bicubic_X2\Roco_scene08_1080p__f00009270.png,data\frames\HR\Roco_scene08_1080p__f00009270.png
train,Roco_scene08_1080p,data\frames\LR_bicubic_X2\Roco_scene08_1080p__f00009300.png,data\frames\HR\Roco_scene08_1080p__f00009300.png
train,Roco_scene08_1080p,data\frames\LR_bicubic_X2\Roco_scene08_1080p__f00009330.png,data\frames\HR\Roco_scene08_1080p__f00009330.png
train,Roco_scene08_1080p,data\frames\LR_bicubic_X2\Roco_scene08_1080p__f00009360.png,data\frames\HR\Roco_scene08_1080p__f00009360.png
train,Roco_scene08_1080p,data\frames\LR_bicubic_X2\Roco_scene08_1080p__f00009390.png,data\frames\HR\Roco_scene08_1080p__f00009390.png
train,Roco_scene08_1080p,data\frames\LR_bicubic_X2\Roco_scene08_1080p__f00009420.png,data\frames\HR\Roco_scene08_1080p__f00009420.png
train,Roco_scene08_1080p,data\frames\LR_bicubic_X2\Roco_scene08_1080p__f00009450.png,data\frames\HR\Roco_scene08_1080p__f00009450.png
train,Roco_scene08_1080p,data\frames\LR_bicubic_X2\Roco_scene08_1080p__f00009480.png,data\frames\HR\Roco_scene08_1080p__f00009480.png
train,Roco_scene08_1080p,data\frames\LR_bicubic_X2\Roco_scene08_1080p__f00009510.png,data\frames\HR\Roco_scene08_1080p__f00009510.png
train,Roco_scene08_1080p,data\frames\LR_bicubic_X2\Roco_scene08_1080p__f00009540.png,data\frames\HR\Roco_scene08_1080p__f00009540.png
